Age;VRExperience;width;height;fov;fps;antialiasing;textures;saturation;brightness;contrast;sharpness;shadowStrength;reflections;modelsDetail;dof;particles;ambientSound;reverbZone;won;zombiesKilled;time;VisualImmersion
29;3;1459.07;810.5945;41;29;0;1;0.4498207;0.08913505;-0.4226117;0.9851638;0.4972159;1;1;0;1;1;1;0;17;60;75
29;3;1018.835;566.0195;50;57;0;0;0.7622554;-0.03048122;-0.1264424;0.09610975;0.07764328;1;1;1;1;1;1;1;40;90;59
29;3;884.2422;491.2457;87;17;0;1;0.9297929;0.3511976;0.02049243;0.173021;0.2306089;1;1;0;0;1;0;1;38;90;81
28;2;1988.756;1104.865;65;22;1;1;-0.3114029;-0.4818609;-0.1065253;0.6062309;0.1205453;0;0;0;0;1;0;0;35;83;100
28;2;1299.66;722.0335;94;19;0;1;0.04610002;0.2878202;-0.1668029;0.5485445;0.4647042;0;1;1;1;1;1;0;21;71;100
28;2;1160.468;644.7047;35;45;0;0;-0.8563187;0.009465873;-0.4738512;0.8995129;0.1328311;1;1;1;0;1;0;1;40;90;100
28;2;1236.52;686.9558;43;28;1;0;0.3281417;0.02476394;-0.5843253;0.2525354;0.595176;0;0;0;0;1;1;0;36;87;85
28;2;962.8353;534.9084;42;52;0;0;0.03778183;0.549588;-0.4161957;0.06317663;0.6747596;1;1;0;0;1;0;1;39;90;39
28;2;1538.878;854.9319;78;41;0;1;-0.6842523;-0.2546721;0.4517971;0.1245646;0.8426888;0;0;1;0;1;1;1;44;90;1
28;2;1616.069;897.8163;66;55;0;0;0.8961008;-0.5116906;0.5345831;0.7003703;0.6170149;1;1;1;0;1;1;0;36;87;53
28;2;480.4262;266.9035;34;21;1;0;0.2769189;0.197429;-0.3168036;0.6666765;0.09130692;0;1;1;0;1;1;1;41;90;1
28;2;2030.772;1128.207;42;28;0;1;-0.227657;0.05458385;0.6319427;0.02749372;0.470651;0;0;1;0;1;0;1;40;90;15
28;2;2062.331;1145.74;76;56;0;1;0.05861723;-0.7982751;-0.1933381;0.1805556;0.9614475;1;1;0;1;1;1;0;42;90;37
39;2;823.9786;457.7659;44;26;1;0;-0.8340452;0.3945222;0.4437609;0.9522859;0.2660673;1;0;1;1;1;0;0;3;28;56
39;2;643.2085;357.338;82;18;1;1;-0.4334749;0.1127294;0.4082636;0.9309723;0.8932958;1;0;1;1;1;0;0;17;63;84
26;1;1558.372;865.7621;82;41;1;1;-0.1091515;-0.2208535;-0.2624177;0.9979115;0.3813407;0;0;1;0;1;0;0;17;62;78
26;1;1946.944;1081.636;86;42;0;1;-0.3073531;-0.1770642;-0.1599714;0.5335199;0.6726344;1;1;1;1;1;1;0;8;42;67
26;1;1858.173;1032.318;48;28;0;0;-0.8149946;-0.6414719;0.4933666;0.5382772;0.5001342;1;0;0;0;1;0;0;11;45;57
26;1;746.9033;414.9463;99;51;0;0;-0.4804226;0.1642804;-0.1186616;0.5732622;0.1291485;0;1;1;1;1;0;0;24;76;77
27;2;272.6516;151.4731;35;56;1;0;-0.9980175;-0.5685001;-0.4467593;0.6641883;0.6208954;0;0;1;0;1;1;1;46;90;50
27;2;1154.327;641.2927;74;32;1;1;-0.6171961;-0.1742942;-0.1684102;0.2622578;0.3819134;1;1;0;0;1;0;1;41;90;71
27;2;702.4514;390.2508;51;19;0;1;-0.04542983;0.7870517;-0.7742752;0.9283431;0.2007306;0;1;1;0;1;0;1;41;90;24
27;2;1353.411;751.8951;65;36;0;1;0.4537372;-0.7746767;-0.4429705;0.9070151;0.7440622;1;1;1;1;1;0;0;35;84;64
27;2;2096.497;1164.72;41;25;0;0;-0.4384426;-0.7814708;0.05440074;0.9222767;0.5057467;1;0;1;1;1;1;1;45;90;67
26;1;2062.771;1145.984;93;22;1;0;0.2755086;0.4558304;-0.1200832;0.5396675;0.6642308;1;0;1;1;1;1;1;39;90;57
26;1;1420.568;789.2045;70;27;1;1;-0.9665294;-0.2994342;-0.6230753;0.940897;0.276457;0;0;1;1;1;0;1;41;90;70
27;2;223.0795;123.9331;40;35;1;0;0.8447809;0.6720453;0.7351593;0.7299041;0.7815754;0;0;0;1;1;0;1;38;90;82
27;2;1444.182;802.3233;37;52;0;1;0.748595;0.1418353;0.7630007;0.533608;0.09588921;1;1;1;1;1;1;0;23;73;77
27;2;308.5305;171.4059;41;24;0;0;0.5161362;-0.3143087;0.6078334;0.1953905;0.4087569;0;0;1;0;1;0;1;38;90;81
27;2;489.5298;271.961;59;51;1;0;-0.5382137;-0.6864286;0.1120013;0.1476212;0.09998131;1;0;1;0;1;1;0;33;82;78
23;1;425.6005;236.4447;54;32;1;1;-0.1704735;0.3058613;0.1247228;0.02660823;0.9359515;0;1;0;0;1;1;0;18;65;83
23;1;2121.29;1178.494;47;52;0;0;-0.4793645;-0.1984376;-0.1917955;0.8201941;0.3650467;0;0;0;1;1;1;1;40;90;86
23;1;1706.275;947.9304;44;17;0;1;0.5419726;0.7750912;0.1855033;0.8144894;0.1096171;0;1;1;1;1;0;0;12;54;75
27;2;803.0367;446.1315;73;59;1;0;-0.5170345;-0.4331495;0.4602509;0.6447196;0.9177903;0;0;1;0;1;1;1;41;90;72
27;2;494.7765;274.8758;62;39;1;1;0.7299998;0.5254839;-0.1593798;0.6108289;0.9895233;0;0;0;0;1;0;1;41;90;80
27;2;768.8297;427.1276;33;53;0;1;0.9681809;-0.1161858;-0.2636186;0.6166767;0.0719136;1;1;0;1;1;1;1;42;90;62
27;2;1078.32;599.0668;53;40;1;0;-0.8549614;-0.5867024;0.4251785;0.5558277;0.2555308;1;0;0;0;1;0;0;23;72;27
27;2;541.8661;301.0368;65;31;1;0;0.3206775;-0.02966321;-0.7256983;0.6034635;0.8127875;1;0;0;1;1;0;1;42;90;66
30;1;1333.195;740.6638;65;41;0;0;-0.01552904;0.3155256;-0.349808;0.989989;0.6882132;0;0;0;1;1;0;1;43;90;100
23;1;242.1049;134.5027;75;24;0;1;0.2769942;-0.2889907;-0.5472429;0.3341225;0.7679315;0;0;0;1;1;0;0;2;33;71
23;1;2084.597;1158.11;76;17;0;1;-0.02852929;-0.7768057;0.3385429;0.209674;0.5366891;0;1;0;1;1;1;0;27;83;100
23;1;383.92;213.2889;51;43;1;1;0.915395;-0.514855;-0.2526036;0.06374288;0.4480798;0;0;1;1;1;1;1;35;90;88
20;2;1449.509;805.2827;87;25;0;1;0.3065946;0.1375625;-0.7498551;0.8744906;0.3920123;1;1;1;0;1;1;0;30;79;84
20;2;642.8687;357.1493;53;30;0;0;0.9341354;-0.5149933;0.06699574;0.4830539;0.6037839;1;0;0;0;1;0;0;21;64;91
20;2;535.6501;297.5834;76;31;1;1;0.03232729;0.7411892;-0.5082586;0.4820588;0.6434839;1;0;0;1;1;0;1;45;90;96
21;2;517.7806;287.6559;77;34;0;1;0.7724898;0.4615913;0.5618759;0.2565071;0.7695984;0;0;1;0;1;0;0;19;67;74
21;2;670.3562;372.4201;53;58;0;1;0.3225863;-0.7225143;0.7183073;0.5333032;0.1797234;1;0;1;0;1;1;0;39;87;98
21;2;1400.656;778.142;81;30;0;1;-0.7596829;0.7383282;-0.299338;0.5303227;0.9989415;0;0;0;1;1;0;0;40;90;100
21;2;495.9905;275.5503;85;15;0;0;-0.4314724;0.1357274;0.1039459;0.5386278;0.4468867;1;0;0;1;1;1;0;26;80;41
28;2;1362.155;756.7529;65;56;1;0;-0.7167947;-0.08171338;-0.04234588;0.582791;0.6831201;0;1;0;1;1;1;1;44;90;34
28;2;603.2928;335.1627;70;55;0;0;-0.1567479;-0.2718659;0.1961097;0.1719173;0.6781844;1;0;1;0;1;0;1;47;90;30
28;2;2038.355;1132.42;61;53;0;1;0.2418936;-0.3917081;-0.7871242;0.1812598;0.5213962;0;1;1;1;1;0;1;38;90;36
28;2;1667.976;926.6535;83;58;0;0;0.896656;-0.6618765;-0.7691165;0.6195701;0.02105439;0;1;1;1;1;1;0;28;81;37
28;2;1184.749;658.1938;52;38;0;0;0.8701198;0.1227552;0.5550345;0.6838148;0.3130162;1;1;0;1;1;1;0;4;38;17
28;2;1906.677;1059.265;98;53;1;1;-0.4783088;0.09021866;0.3124088;0.4884036;0.2919343;0;1;1;1;1;1;0;36;90;40
28;2;782.9467;434.9704;68;36;1;1;-0.4045018;0.4812731;-0.3419423;0.2892125;0.4412042;0;0;0;1;1;0;1;42;90;1
36;2;332.4615;184.7008;51;25;1;1;0.1425704;-0.581579;0.7073054;0.8069848;0.3285319;0;0;0;1;1;0;0;26;77;37
36;2;1664.095;924.4971;73;28;0;1;-0.7458234;0.2663576;-0.4745775;0.5588266;0.2505613;1;0;0;0;1;0;1;42;90;64
36;2;1547.581;859.7672;85;27;1;0;-0.5363507;-0.2642227;-0.749971;0.6490811;0.2706024;1;0;1;1;1;0;1;38;90;80
36;2;1907.773;1059.874;40;45;1;1;-0.02091181;0.699748;0.1336255;0.7612767;0.482339;1;1;1;0;1;1;1;40;90;91
36;2;2042.312;1134.618;88;37;0;1;-0.9088695;-0.5677924;-0.5857311;0.5586179;0.8263433;0;1;1;1;1;1;0;8;46;97
36;2;1457.492;809.7177;43;17;1;0;-0.4943539;-0.3377408;0.2116838;0.6482888;0.503377;0;1;0;0;1;0;1;40;90;89
36;2;821.0761;456.1534;41;31;0;0;0.04885161;-0.1728333;-0.5097933;0.2818504;0.312412;0;1;0;1;1;0;1;41;90;80
36;2;1027.506;570.8369;51;40;0;0;-0.7527633;-0.08429158;-0.1759324;0.1685629;0.9534576;0;0;1;1;1;1;1;39;90;60
36;2;707.7819;393.2122;74;58;1;0;-0.1074048;-0.1483104;0.5938347;0.02649176;0.9281003;1;1;0;1;1;1;0;30;82;76
36;2;278.6206;154.7892;68;46;1;1;0.1617328;-0.5043371;-0.1585618;0.3739633;0.7709304;0;0;0;0;1;0;1;41;90;78
36;2;556.7406;309.3003;59;51;1;0;0.1728648;-0.5656577;0.1138949;0.2932854;0.6086918;1;1;0;0;1;1;1;36;90;85
36;2;923.8754;513.2641;62;50;0;0;0.8492737;0.5571182;0.222764;0.164821;0.8095002;1;1;1;1;1;1;1;37;90;90
36;2;660.3456;366.8587;60;30;0;0;0.6073143;0.6702082;0.4391651;0.5039912;0.9392021;1;1;0;1;1;1;0;22;71;71
36;2;580.5095;322.5053;82;39;1;0;-0.4230539;0.1728997;0.1462932;0.2904705;0.917316;1;1;1;1;1;1;1;41;90;93
36;2;1910.668;1061.483;35;45;0;1;0.2787161;0.0776332;0.10353;0.7175351;0.3295872;0;1;1;0;1;1;1;40;90;95
23;1;2152.311;1195.728;94;60;0;0;0.7791638;-0.7063082;-0.1605176;0.2654514;0.5483199;1;1;0;1;1;1;0;16;61;78
23;1;362.4525;201.3625;98;48;0;0;0.32623;0.5824425;0.7573044;0.2782798;0.9585367;0;0;0;0;1;1;0;20;62;55
23;1;1851.161;1028.423;55;45;1;0;0.5880163;-0.1780249;0.05417377;0.2316766;0.9500862;1;0;0;0;1;0;0;19;63;68
23;1;388.7212;215.9562;84;43;0;0;-0.7106047;0.5770949;-0.674603;0.5030517;0.3312189;0;0;0;1;1;1;1;42;90;50
23;1;2105.51;1169.727;74;15;1;0;-0.6199129;-0.5166011;-0.5297777;0.9414729;0.9612833;1;1;1;1;1;1;0;11;48;75
23;1;739.5258;410.8477;73;29;1;1;-0.4113773;-0.6090942;0.03652966;0.005801797;0.6136951;1;1;1;0;1;0;0;30;77;100
25;2;1067.927;593.2928;91;20;0;0;0.3220825;0.5419167;0.3991268;0.8048985;0.3890697;0;0;1;0;1;1;1;41;90;44
25;2;1581.979;878.8775;77;59;1;0;-0.8524272;-0.6130201;0.634659;0.7551548;0.7303199;1;0;1;1;1;0;0;8;41;65
25;2;809.5135;449.7297;87;53;0;0;-0.3022639;0.3754573;0.1600938;0.09860253;0.2703245;0;0;0;0;1;1;0;37;85;51
25;2;1422.027;790.0153;71;59;1;0;-0.6682429;0.5013336;-0.007928729;0.1511453;0.7081194;0;0;0;1;1;0;1;40;90;57
25;2;2012.224;1117.902;57;34;0;0;-0.5453241;0.3928531;-0.5249872;0.052845;0.9242058;1;1;1;0;1;0;1;41;90;75
25;2;1359.288;755.1603;57;51;1;1;-0.7559266;0.03832424;-0.7178702;0.3548982;0.5323591;0;0;1;1;1;1;1;43;90;81
26;2;768.4883;426.9379;79;44;0;1;0.4551725;-0.1880164;0.4797754;0.02977276;0.07375681;1;0;0;1;1;1;0;25;73;100
26;2;2147.003;1192.78;75;56;0;0;-0.6433635;-0.5696003;-0.6603747;0.1511199;0.2270758;1;1;1;1;1;1;0;10;50;40
26;2;1859.426;1033.014;47;38;1;1;-0.2472659;0.4082708;0.3001604;0.7197858;0.82441;1;1;1;0;1;1;0;19;69;83
26;2;400.2826;222.3792;78;26;1;0;0.1691226;-0.01462698;-0.7025419;0.4717571;0.9675356;1;1;0;0;1;0;0;18;65;91
26;2;1942.094;1078.941;31;55;0;0;0.08516514;0.2416883;-0.5413223;0.6362662;0.254007;0;0;1;0;1;1;1;39;90;100
26;2;1338.217;743.454;63;60;0;0;-0.6769135;0.5948498;-0.5430261;0.2266954;0.9437325;1;1;1;1;1;0;1;41;90;58
26;2;305.6852;169.8251;97;39;1;0;-0.1790904;-0.008872867;-0.7633328;0.6274408;0.1870201;0;1;1;1;1;0;0;25;75;38
26;2;1441.953;801.0852;53;17;0;0;0.5830421;-0.1732322;-0.7943969;0.04157233;0.8049105;0;1;0;1;1;0;0;31;84;14
26;2;366.0371;203.3539;58;36;0;1;0.7920334;-0.02498084;-0.02278376;0.7885898;0.5920722;0;1;1;1;1;0;1;43;90;63
26;2;720.2172;400.1207;86;21;0;0;-0.691709;-0.2147332;-0.3823176;0.5782167;0.6579818;1;0;0;1;1;0;0;12;47;12
26;2;416.3874;231.3263;65;53;0;0;-0.4117411;0.6290202;0.2218992;0.8305287;0.9863043;0;1;1;1;1;0;0;9;44;24
25;1;715.8486;397.6937;42;57;0;0;0.1356882;-0.2646878;-0.444387;0.8058308;0.3269777;0;1;1;1;1;1;0;5;36;71
25;1;1865.631;1036.462;70;39;1;1;-0.9262671;0.1517895;-0.5192141;0.6453466;0.4584761;1;0;1;1;1;1;0;2;27;86
25;1;458.8209;254.9005;42;17;0;1;0.5309238;-0.5937416;-0.4662254;0.2681721;0.0956192;1;0;1;1;1;1;0;33;85;91
25;1;873.3502;485.1945;76;38;0;1;0.5106359;-0.3024282;-0.782959;0.07188821;0.4532303;1;0;1;0;1;0;0;32;81;96
25;1;1413.683;785.3794;87;18;1;0;0.1012043;-0.7923881;0.3541006;0.6413219;0.304069;0;0;0;1;1;1;0;32;82;87
25;1;978.8278;543.7932;80;59;1;1;-0.478614;-0.5181718;-0.2036301;0.4417399;0.2739844;1;0;1;0;1;0;1;41;90;100
25;1;2154.911;1197.173;41;44;0;1;0.4540789;-0.3614978;-0.5237709;0.7761375;0.5932804;1;0;1;0;1;1;1;45;90;100
25;1;1594.587;885.8817;99;36;1;1;0.8625515;0.6353416;-0.4297228;0.6988949;0.8150274;1;1;0;1;1;1;1;40;90;95
25;1;1693.35;940.7498;76;42;1;0;0.8586676;0.5096483;0.6158751;0.1126319;0.242596;1;0;1;0;1;1;1;41;90;78
18;1;1981.384;1100.769;43;52;1;0;0.4692328;-0.6445795;0.1206485;0.7038959;0.8689158;0;1;0;0;1;1;0;1;26;85
18;1;1027.896;571.0534;42;25;0;1;-0.840086;-0.2371701;-0.4369944;0.7932742;0.4966639;0;1;0;1;1;1;0;8;46;86
18;1;1490.07;827.8165;74;49;0;0;0.04271305;-0.6266108;-0.2066112;0.3409865;0.4679294;1;1;0;1;1;1;0;19;69;93
18;1;693.6452;385.3584;73;34;1;0;-0.04405367;0.7514554;-0.1092639;0.542579;0.7405142;1;0;1;0;1;0;1;41;90;95
18;1;1453.014;807.23;31;25;0;0;0.3075468;-0.3594974;-0.02464819;0.4896875;0.339146;0;0;1;0;1;0;0;26;75;89
18;1;478.1749;265.6527;93;26;1;1;0.8658214;0.6358593;-0.3507066;0.6194853;0.0185672;0;0;0;1;1;1;1;41;90;89
18;1;230.6415;128.1342;72;28;1;0;0.4812681;-0.4599958;0.3944324;0.1454608;0.2783936;0;0;0;1;1;1;0;7;44;70
18;1;1816.719;1009.288;56;27;1;1;-0.4169356;-0.2084296;0.7863409;0.3899142;0.04604733;0;0;0;1;1;1;1;40;90;90
18;1;1818.724;1010.402;63;37;1;0;0.2249638;0.56278;-0.6419911;0.2998;0.1658974;0;1;0;1;1;0;0;6;40;80
19;1;1961.888;1089.938;33;38;1;0;-0.7263575;0.4889767;0.1354834;0.2836959;0.8259156;1;1;1;1;1;0;0;4;38;42
19;1;848.3993;471.3329;33;25;1;1;-0.6145153;-0.6537651;0.3476351;0.5041265;0.860538;0;0;1;0;1;1;1;41;90;86
19;1;405.2458;225.1366;50;59;1;1;0.2433013;0.2764017;0.3537332;0.8578879;0.8276839;0;1;1;1;1;0;0;25;73;73
19;1;864.7346;480.4081;60;53;1;1;-0.5914135;0.4775141;0.52223;0.4325169;0.6096699;1;0;0;0;1;0;1;42;90;69
19;1;1890.265;1050.147;66;22;0;0;0.3307478;-0.3618308;-0.03306663;0.5962591;0.4697546;1;0;0;1;1;0;0;28;77;83
19;1;646.0693;358.9274;97;37;0;0;0.8048279;-0.7052626;0.6865305;0.7047608;0.08731782;1;0;0;1;1;0;1;40;90;47
19;1;1181.122;656.1791;45;43;1;0;0.2343165;-0.4747713;-0.1705343;0.3345802;0.3543875;1;1;0;1;1;1;0;35;88;38
19;1;556.5116;309.1731;63;34;0;1;-0.6670206;-0.1492105;0.02422076;0.8338436;0.5334099;1;0;1;0;1;0;1;39;90;82
38;2;1696.488;942.4933;97;53;1;1;-0.8653538;0.5622837;0.5567291;0.6153993;0.2106214;1;1;0;0;1;0;0;5;33;50
38;2;1298.782;721.5454;93;47;0;1;-0.6967285;0.06285924;0.5134121;0.2685937;0.4782497;0;0;0;0;1;1;0;36;87;78
38;2;433.8318;241.0177;36;31;1;0;-0.1234797;-0.568231;0.02109939;0.09899604;0.0901643;1;1;0;0;1;1;0;34;87;47
38;2;1629.831;905.4614;59;30;0;1;0.4656338;0.1942515;-0.6115422;0.9875339;0.7854652;0;0;0;1;1;0;1;45;90;79
38;2;1908.332;1060.184;51;53;1;0;-0.8582182;-4.184246E-05;0.7104087;0.4163036;0.6444999;1;1;0;0;1;1;1;40;90;55
38;2;1010.582;561.4346;54;42;1;0;-0.5876086;-0.402083;-0.60842;0.773123;0.2875378;1;0;0;1;1;1;0;32;81;68
27;3;1274.239;707.9105;86;46;1;1;-0.7319269;0.7135186;0.488851;0.8321754;0.2702454;1;1;1;1;1;0;0;15;56;86
27;3;1811.6;1006.445;54;32;1;0;0.4986119;0.5691895;0.5364984;0.8424054;0.9784864;0;0;0;1;1;0;1;42;90;57
27;3;905.3214;502.9563;88;17;0;0;0.2410682;0.5994881;0.2320634;0.4909332;0.3459371;1;1;0;1;1;0;1;44;90;52
27;3;929.0134;516.1185;99;24;1;0;-0.5711951;-0.1975667;-0.2069949;0.6277632;0.4562793;1;1;1;1;1;0;0;20;65;49
3;27;1087.267;604.0371;69;34;1;0;-0.3343045;-0.1335883;-0.324686;0.5354323;0.04276168;1;1;0;0;1;1;1;42;90;40
3;27;222.7361;123.7423;94;17;1;1;-0.6974084;0.009547532;-0.4547792;0.1605563;0.518687;0;0;1;1;1;0;1;42;90;32
3;27;363.5993;201.9996;37;35;1;0;0.6847472;-0.2253337;0.2896371;0.6421795;0.1073624;1;0;1;0;1;1;1;41;90;37
33;5;1054.656;585.92;31;33;0;1;-0.7397616;-0.1468636;0.1579614;0.9460559;0.5811047;1;1;1;1;1;0;1;43;90;74
20;1;297.8926;165.4959;34;29;1;1;0.4078123;-0.5746929;-0.02612543;0.9095377;0.6185935;1;1;1;1;1;0;0;24;78;28
20;1;373.4753;207.4863;65;16;1;0;0.7234871;-0.2286557;0.5734686;0.04976809;0.00711;1;1;1;0;1;1;0;1;31;16
20;1;646.7277;359.2932;96;46;1;0;0.6178207;0.6503406;0.6869743;0.4939178;0.3235721;1;1;0;1;1;1;1;38;90;46
20;1;573.7616;318.7564;33;50;0;1;-0.7146924;-0.2059129;0.09562767;0.445895;0.7078733;1;1;0;0;1;1;1;41;90;68
20;1;826.2241;459.0134;33;54;0;0;-0.3808664;0.7669927;0.7280663;0.2504786;0.5215855;0;1;0;1;1;1;1;40;90;59
20;1;785.673;436.485;56;43;1;1;-0.2964464;-0.3846627;-0.2212148;0.1360232;0.2995732;1;1;0;0;1;1;1;42;90;84
20;1;970.9194;539.3997;48;19;0;1;-0.4186739;-0.1550156;-0.0380891;0.7615381;0.6740487;1;1;0;1;1;1;0;18;59;100
47;1;477.4889;265.2716;47;30;0;0;-0.05219352;0.1229625;-0.3670394;0.2189221;0.04785204;1;0;0;0;1;1;0;10;48;82
47;1;843.7257;468.7365;78;51;1;1;0.8861806;0.4453831;-0.400717;0.5182435;0.9631648;0;1;0;0;1;0;0;14;57;93
47;1;1680.934;933.8525;60;56;0;1;-0.09695995;-0.6109734;-0.5987324;0.9743618;0.5060665;0;0;1;0;1;1;0;22;66;99
47;1;418.5875;232.5486;41;26;1;1;0.5699842;0.3800924;-0.1330093;0.5449921;0.08191943;1;0;1;0;1;1;0;32;85;100
20;1;743.8021;413.2234;88;52;1;0;0.6269655;-0.03371799;-0.4353123;0.9302981;0.2177147;1;1;0;1;1;0;0;7;49;35
20;1;1353.932;752.1845;37;24;0;0;0.4815833;0.3157327;-0.4311137;0.888119;0.2940016;0;1;0;0;1;0;0;3;27;49
20;1;538.1585;298.9769;33;51;0;0;0.2341574;0.1673331;0.3736406;0.1852384;0.6332926;1;0;1;1;1;1;1;42;90;94
20;1;451.3354;250.7419;67;25;0;1;-0.4497637;-0.2984141;0.2563024;0.8718055;0.9074743;1;0;1;0;1;0;1;37;90;100
20;1;764.8124;424.8958;67;30;1;1;0.5394983;0.5998003;0.478899;0.493821;0.5032266;1;0;1;1;1;0;0;27;81;100
20;1;1331.776;739.8756;81;53;0;1;-0.2487038;-0.4372481;-0.3230782;0.8908978;0.1950949;0;1;1;1;1;1;0;9;46;100
20;1;363.3548;201.8638;31;42;1;1;-0.03295934;-0.4586937;-0.7092486;0.6972493;0.9846029;1;0;0;1;1;0;1;42;90;100
20;2;602.9832;334.9907;74;57;0;1;0.8547494;-0.04735309;0.3580673;0.4804208;0.9074192;0;0;0;1;1;1;1;35;90;60
20;2;1256.722;698.1788;78;26;1;1;-0.8502223;0.3657011;0.2898293;0.07705021;0.7527016;1;1;1;0;1;0;0;24;75;65
20;2;1172.662;651.479;96;53;0;1;0.3232083;-0.62717;0.3199003;0.5764458;0.9082644;1;1;1;1;1;0;0;29;81;78
20;2;531.749;295.4161;74;58;1;0;0.06014693;-0.4741123;-0.3746709;0.2614532;0.6737505;0;1;0;0;1;1;0;18;63;15
20;2;285.4501;158.5834;41;45;1;1;0.7731271;0.5588045;0.484827;0.3004956;0.6596713;1;0;1;0;1;1;1;43;90;2
20;2;439.7927;244.3293;72;32;1;0;0.5445306;-0.7575002;0.3056965;0.6117774;0.06288636;1;1;1;0;1;1;0;18;66;12
20;2;1116.842;620.4678;35;50;0;0;0.9282947;-0.1875968;0.695779;0.5072038;0.5217093;0;1;1;1;1;0;0;30;81;15
20;2;1153.717;640.9537;90;17;0;1;0.4951298;-0.4505286;-0.509671;0.7239097;0.6987795;1;0;1;0;1;0;0;35;86;10
19;2;868.7336;482.6298;91;20;1;0;0.4657054;-0.6701239;-0.3021573;0.9766555;0.8248912;1;1;0;0;1;1;0;24;75;85
19;2;1299.34;721.8555;75;41;0;1;-0.3676778;-0.1052508;-0.3857953;0.09610975;0.211599;0;0;1;0;1;0;1;46;90;82
19;2;1718.312;954.6179;47;38;0;0;0.421715;-0.7841427;-0.2891379;0.7641518;0.5160198;1;1;1;1;1;0;0;23;72;96
19;2;1278.655;710.364;62;17;1;1;0.3833098;-0.2787787;-0.09381473;0.2271624;0.5947468;0;1;0;0;1;1;0;29;81;100
19;2;879.6993;488.7219;64;16;1;0;0.288198;-0.7874337;0.731028;0.5811978;0.9725612;0;0;1;0;1;0;1;41;90;64
19;2;2146.307;1192.393;51;29;0;0;-0.60409;-0.687715;0.6135649;0.2303448;0.8724897;0;1;1;0;1;1;1;41;90;86
19;2;1071.553;595.3075;97;27;0;1;-0.6866701;0.3715387;0.6950268;0.06103897;0.8046641;0;0;0;1;1;0;0;6;34;67
22;2;1460.57;811.4279;46;58;0;0;-0.1899587;0.7750077;0.583386;0.7695365;0.7766505;1;1;1;1;1;0;0;5;41;54
22;2;350.0598;194.4776;83;49;0;1;-0.9700863;-0.007386088;-0.06036633;0.1573181;0.5576149;1;0;0;0;1;1;1;44;90;73
22;2;1609.549;894.194;40;27;1;1;-0.1702458;-0.6503797;0.05635345;0.8642675;0.5810272;1;0;0;0;1;1;0;42;89;79
22;2;2103.613;1168.674;44;52;1;0;0.8321803;-0.4641703;0.6794432;0.10058;0.9177736;0;1;0;1;1;0;0;9;51;45
18;1;1859.639;1033.133;88;54;1;1;0.1359488;0.7293273;-0.7971666;0.05961597;0.05737603;1;0;1;0;1;0;0;8;41;93
18;1;1791.577;995.3207;40;59;0;0;0.7802548;0.5529208;0.2008058;0.8909386;0.2257282;1;0;0;0;1;0;1;42;90;100
18;1;2013.235;1118.464;62;54;0;0;0.9706719;-0.2351148;0.2343773;0.5265591;0.4418361;1;1;0;0;1;0;0;23;67;100
18;1;853.6893;474.2718;68;45;0;1;-0.6952643;0.3518818;0.5686352;0.5733281;0.08747339;0;1;1;0;1;0;1;37;90;94
18;1;1137.772;632.0958;69;40;0;1;0.4622338;0.6663721;0.3352228;0.1953748;0.7230271;0;1;0;1;1;0;1;39;90;100
22;1;987.6218;548.6788;38;50;1;0;-0.1658846;-0.5333008;-0.7359859;0.6783884;0.5130138;1;1;0;0;1;1;0;23;73;62
22;1;951.513;528.6183;52;34;1;0;0.6011503;-0.3109601;-0.2650127;0.8504511;0.9797928;0;1;1;0;1;1;0;11;48;73
22;1;849.2614;471.8119;72;58;1;0;0.994128;-0.4229096;-0.673687;0.3232468;0.1533777;1;0;0;1;1;1;1;43;90;88
22;1;1868.1;1037.834;76;31;1;0;-0.8243818;-0.4710249;-0.3080779;0.7248456;0.3760348;0;0;1;1;1;1;0;29;78;55
22;1;451.2167;250.6759;55;24;0;0;0.01317322;-0.2153316;0.6123705;0.03077662;0.4289772;1;1;1;1;1;0;1;40;90;41
22;1;1937.114;1076.174;62;31;0;0;-0.658401;-0.5072885;-0.3709812;0.4289327;0.7521243;0;0;1;1;1;1;1;40;90;79
22;1;589.118;327.2878;65;58;1;0;-0.9567506;-0.4519368;0.4618213;0.2694424;0.9591829;1;0;0;1;1;1;1;42;90;82
22;1;606.407;336.8928;76;29;1;1;-0.01941812;0.2586248;0.7079144;0.9068658;0.6697865;1;1;0;0;1;1;1;43;90;94
22;1;411.2267;228.4593;83;39;0;0;0.2796921;-0.1311139;-0.6447964;0.1951338;0.6030663;0;1;0;1;1;0;1;39;90;78
35;2;370.9377;206.0765;46;30;0;0;0.1730317;0.07741499;0.7645336;0.7244097;0.6600249;1;0;1;1;1;1;1;40;90;74
35;2;517.1691;287.3162;89;17;0;1;0.7985361;0.5914223;0.7224644;0.3914616;0.08630621;1;0;0;0;1;1;0;17;65;85
35;2;1493.374;829.6524;68;24;1;1;0.2888467;-0.4765036;0.7321108;0.3467731;0.156474;1;0;1;1;1;1;1;37;90;91
35;2;921.9723;512.2068;84;54;1;1;0.7938681;0.516127;0.3009418;0.4720048;0.7027677;0;1;1;0;1;1;0;15;60;100
35;2;327.8973;182.1652;38;31;0;0;0.3822989;-0.2351237;-0.6919499;0.09210646;0.6479542;1;0;1;1;1;1;0;29;81;79
35;2;1060.643;589.2462;84;35;0;0;-0.4025222;-0.0577119;0.3596548;0.8040824;0.527602;1;0;1;0;1;0;1;39;90;68
35;2;1925.113;1069.507;32;43;0;1;0.9484487;0.5118315;0.7367898;0.8923664;0.3201347;1;1;0;1;1;0;1;41;90;100
35;2;847.9379;471.0766;36;45;1;0;0.6224909;-0.6372682;0.06309783;0.1642627;0.571103;1;0;1;1;1;0;1;42;90;86
19;1;1493.051;829.4727;64;46;1;0;-0.440677;0.364043;-0.5828709;0.7509596;0.4198117;1;1;1;1;1;1;1;40;90;52
19;1;1379.604;766.4465;94;15;1;0;0.2574098;0.7274784;-0.3543376;0.04811287;0.573495;0;0;0;0;1;1;0;14;56;70
19;1;2023.754;1124.308;81;22;0;1;0.4198804;0.7243332;-0.3190686;0.9785554;0.8528047;1;1;0;1;1;0;0;22;71;82
19;1;219.589;121.9939;95;56;0;1;0.8742204;-0.5680738;-0.6110037;0.08792186;0.7781795;0;0;1;0;1;1;0;16;58;92
19;1;1400.175;777.8748;63;50;1;0;0.8301437;0.4198297;-0.6495119;0.7794181;0.875002;0;0;0;0;1;1;0;3;26;55
19;1;2124.782;1180.434;71;53;0;0;0.6263492;-0.5670111;-0.4642504;0.4171957;0.5772122;1;1;1;1;1;0;0;24;74;100
19;1;1562.322;867.9565;80;19;1;0;-0.8142459;0.2605579;-0.09549969;0.2300397;0.294475;0;1;0;1;1;1;0;6;40;56
19;1;679.752;377.64;61;40;1;1;0.6938205;-0.7471722;-0.1747235;0.2728643;0.6659058;1;0;1;1;1;1;0;18;61;100
21;2;464.0107;257.7838;56;36;1;1;-0.4118258;0.49154;-0.6029884;0.9169711;0.1747739;0;1;0;1;1;1;0;10;41;100
21;2;287.7325;159.8514;37;38;0;1;-0.8283896;-0.2861169;-0.4578497;0.6369367;0.417282;0;0;1;0;1;1;0;21;64;100
21;2;770.9767;428.3204;81;34;0;0;-0.9653988;0.01426917;-0.5044662;0.1154259;0.4344577;0;1;1;1;1;0;1;37;90;100
21;2;834.5503;463.6391;83;60;0;1;0.5575795;-0.6600032;-0.09252864;0.8222128;0.8478786;0;0;1;1;1;0;0;18;66;100
21;2;2014.207;1119.004;89;35;0;1;0.9115438;0.5362538;-0.07295197;0.9527078;0.6848544;1;1;1;1;1;1;0;9;47;100
30;5;1641.337;911.8539;37;60;1;1;-0.4502319;-0.6821911;-0.6520985;0.9175277;0.7553363;1;0;0;1;0;1;1;232;167;83
30;5;1282.118;712.2877;39;55;1;1;-0.2345744;0.3916439;-0.3053723;0.7723895;0.4276939;1;1;1;1;1;1;0;181;137;85
30;5;1795.531;997.5171;40;47;1;0;-0.5514379;-0.415188;0.08744591;0.2234764;0.4561614;1;0;0;0;1;1;1;241;192;39
30;5;838.4885;465.827;44;48;0;1;-0.8326561;-0.08297837;-0.7041872;0.1656823;0.8064346;1;0;1;0;0;0;1;268;238;67
30;5;1924.702;1069.279;85;35;1;1;-0.3762177;-0.5936156;0.5969183;0.2086251;0.01131606;1;0;0;0;1;0;1;125;60;79
30;5;2097.019;1165.011;88;22;0;0;0.9221594;0.3700441;-0.5104218;0.1319836;0.2733515;0;1;1;0;0;1;1;145;79;25
30;5;1530.505;850.2809;55;24;0;1;0.8307047;-0.4849947;0.2378137;0.8138883;0.5565899;0;1;1;1;0;0;0;51;58;19
30;5;1255.663;697.5906;67;30;0;1;0.1952628;-0.6566208;-0.1274495;0.4405244;0.7055248;1;0;1;0;0;1;0;101;81;22
30;5;860.4902;478.0501;79;49;1;0;-0.3142687;0.3230249;0.5995663;0.6380723;0.9203008;1;1;1;1;0;0;1;127;64;19
30;5;470.2238;261.2354;86;35;1;0;-0.6234372;0.2119961;0.08646095;0.1778409;0.5497267;1;0;1;1;1;0;0;145;101;21
30;5;575.2302;319.5723;39;54;1;1;0.06402004;0.1045543;0.294343;0.2208728;0.3865314;0;1;1;1;1;0;1;181;106;34
30;5;1195.389;664.1052;55;38;0;0;0.3756566;-0.6796851;0.1583854;0.0946486;0.1798428;0;0;1;1;1;0;1;153;70;27
30;5;1174.682;652.6013;76;44;0;1;0.7037091;0.2918602;0.009312153;0.5901131;0.3372533;0;0;0;0;1;0;1;187;109;77
30;5;698.7938;388.2188;31;22;0;0;0.1201237;0.6615757;0.7102503;0.4631034;0.4371542;1;0;1;0;1;0;0;92;69;1
30;5;265.0482;147.249;40;26;0;0;0.6602774;-0.2398048;-0.7234444;0.9500426;0.1709924;0;0;1;0;1;0;0;45;54;2
30;5;1818.093;1010.051;31;48;0;0;-0.8049169;-0.5006166;0.3973732;0.539522;0.8981328;1;1;1;1;0;0;0;95;61;26
30;5;286.8294;159.3497;35;60;0;1;0.9683626;0.3282875;-0.6954017;0.3212932;0.5177154;1;1;0;1;0;0;0;112;80;10
30;5;460.0563;255.5868;57;17;0;0;0.9281712;0.1281152;-0.6384823;0.7854761;0.4343483;0;0;1;0;1;0;1;135;70;2
30;5;808.2635;449.0353;84;18;1;1;-0.2336339;-0.1984399;0.4855343;0.559429;0.04648316;1;0;1;1;1;0;0;128;76;79
30;5;1092.292;606.8286;39;28;0;0;-0.802892;-0.04621917;-0.2273858;0.4738166;0.8522887;1;1;1;0;1;0;1;149;81;63
30;5;941.0895;522.8275;62;23;0;1;0.5331886;-0.6762821;0.3706396;0.7935871;0.6018968;0;1;0;1;0;0;1;180;93;57
30;5;2150.587;1194.771;66;19;0;1;-0.6908059;0.4144703;-0.4104521;0.3380246;0.2652052;1;1;0;0;1;0;0;107;61;77
30;5;1787.954;993.3079;92;48;0;1;-0.9302487;-0.7779829;0.2762764;0.09117162;0.6640813;0;1;0;0;0;1;1;122;60;91
30;5;840.1172;466.7318;71;26;1;1;0.1009699;0.6881143;0.7570687;0.3877569;0.7217019;0;0;0;0;0;0;0;135;77;65
30;5;921.6544;512.0302;89;57;1;0;-0.5513473;0.7981277;-0.359472;0.6319128;0.2901275;1;1;1;1;0;1;0;115;59;16
30;5;258.0887;143.3826;77;38;1;0;-0.1282104;-0.5302857;0.5823591;0.07335138;0.6991119;1;0;1;1;0;0;0;119;86;18
30;5;217.8672;121.0373;33;25;1;1;0.4004187;-0.2429008;-0.6826176;0.5509742;0.6583406;1;0;1;0;0;0;1;181;103;59
30;5;664.8164;369.3424;54;52;1;0;-0.6477356;0.5526796;0.5104011;0.5902155;0.1665167;1;1;1;1;1;1;0;43;49;17
30;5;1900.627;1055.904;64;19;1;0;-0.803726;0.7815524;-0.3559027;0.783635;0.2400106;0;0;1;0;1;1;0;63;73;2
30;5;1648.255;915.697;90;19;1;1;-0.1008047;0.2313776;0.4018503;0.4938664;0.8999679;1;0;1;1;1;0;0;103;57;60
30;5;924.8784;513.8213;86;46;1;0;0.6041343;0.4783859;-0.4466236;0.0193851;0.08574593;0;1;0;0;0;0;0;93;79;19
30;5;1666.321;925.7336;98;29;0;0;0.843473;-0.2768727;0.6965656;0.8188906;0.1579126;1;0;1;1;1;1;0;141;73;22
30;5;839.8505;466.5836;45;22;0;0;0.4018099;-0.09660596;0.4369751;0.09404159;0.4162959;0;0;0;1;1;0;1;153;72;27
30;5;1893.677;1052.043;46;59;0;0;0.8182456;-0.0457021;-0.164086;0.8429639;0.7279181;1;1;1;0;1;0;1;181;89;15
30;5;1782.543;990.3015;83;32;1;1;-0.07164943;0.4885664;0.2121933;0.9949384;0.8871834;0;0;1;1;0;0;1;212;107;68
30;5;771.5367;428.6315;47;48;1;0;-0.2386774;-0.06951702;0.08637267;0.990413;0.8055757;0;1;1;1;1;0;0;35;45;23
30;5;582.4536;323.5854;84;15;0;1;-0.6660347;0.06506699;0.6691027;0.1565833;0.07564807;1;1;1;0;0;1;0;134;90;69
30;5;1542.639;857.0215;79;34;0;0;-0.4294158;-0.6483906;-0.3522167;0.8502638;0.6820608;0;1;1;1;0;1;1;192;100;25
30;5;1953.556;1085.309;59;26;0;1;-0.009766936;-0.270074;0.7075089;0.72054;0.7966384;0;1;1;0;0;1;0;141;72;85
30;5;1168.416;649.1198;45;22;1;0;0.1460277;-0.7339779;-0.4289737;0.06825602;0.1430138;1;0;0;0;1;0;0;134;77;24
30;5;1053.209;585.1162;59;60;0;1;0.1163558;0.5521789;0.06279802;0.4510643;0.8548676;0;1;0;1;1;0;0;132;95;76
30;5;1361.911;756.6174;62;18;0;1;0.1354493;0.1996911;-0.6603741;0.3826906;0.9395601;0;1;1;0;1;0;0;79;59;24
30;5;1313.201;729.5562;86;34;1;0;0.1491979;0.3900497;-0.6435034;0.04733622;0.1022676;1;1;0;0;0;0;0;118;73;13
30;5;889.885;494.3806;71;25;0;1;0.03455913;0.2636118;-0.4509783;0.9569914;0.01968193;0;0;0;1;1;0;0;100;59;73
30;5;1999.876;1111.042;50;57;0;1;-0.9031029;0.289291;-0.328189;0.128541;0.7682894;1;1;0;0;0;1;1;193;97;72
30;5;225.069;125.0384;89;31;0;1;0.08537638;0.3521566;-0.1645812;0.4280779;0.8681918;1;0;1;1;0;1;1;177;106;12
30;5;891.5537;495.3076;33;15;1;1;-0.2925559;0.6533895;0.5151213;0.5244359;0.6210257;1;0;1;0;0;0;0;36;35;72
30;5;578.3494;321.3052;96;21;0;0;-0.9303858;0.01431876;-0.01510918;0.384735;0.125528;1;1;1;0;1;0;0;25;29;16
30;5;1456.344;809.0801;85;18;1;0;0.6290548;0.368852;-0.4512463;0.3459616;0.8244084;1;1;0;1;0;0;0;165;115;21
30;5;265.1235;147.2908;86;55;0;1;0.7030962;-0.5614638;0.6837255;0.3572864;0.8079382;0;1;1;0;1;1;0;85;49;17
30;5;1810.307;1005.726;73;32;1;1;-0.1726609;0.7932283;0.5016138;0.8189721;0.9248102;0;0;0;0;0;1;1;165;84;64
30;5;1138.572;632.54;45;23;1;1;-0.05073011;-0.4690819;-0.6714044;0.7997468;0.3091264;1;0;1;1;1;1;1;178;107;86
30;5;1531.85;851.0278;36;31;1;1;-0.7814901;0.2477083;0.05170238;0.7703828;0.5201541;1;0;1;0;0;0;1;176;90;76
30;5;1198.628;665.9042;63;45;1;0;-0.6768839;0.1974009;0.06985366;0.2782963;0.2516479;0;0;1;1;1;1;0;105;60;23
30;5;807.6406;448.6892;57;19;1;0;-0.2213303;-0.1154096;-0.1989051;0.8062725;0.1419201;1;1;1;1;0;0;1;167;89;15
30;5;1952.994;1084.997;97;27;0;1;-0.3590158;-0.1722558;0.4130383;0.5806761;0.5845777;1;1;1;1;0;1;0;83;68;85
30;5;765.7714;425.4285;84;23;0;0;-0.07753336;-0.6209486;-0.09775722;0.03985059;0.488072;0;0;0;0;1;1;1;173;91;10
30;5;2089.657;1160.921;76;57;1;0;-0.1136354;0.4624374;0.588501;0.4988595;0.5823222;0;0;1;1;0;0;1;213;111;68
30;5;1061.632;589.7958;85;57;0;1;-0.7069373;0.514595;0.0504697;0.6294879;0.7467548;0;0;1;0;0;1;1;195;105;78
30;5;1293.315;718.5084;83;24;0;1;0.6419992;0.4676309;-0.01337636;0.7870784;0.4599988;1;0;0;1;1;1;0;29;32;33
30;5;1567.903;871.0573;55;39;1;1;0.4597842;-0.7736256;0.1968721;0.3837735;0.6368327;1;1;1;1;0;1;1;153;73;70
30;5;378.982;210.5455;93;26;0;0;-0.7071967;-0.7059044;-0.2859355;0.1424918;0.9236068;1;1;0;1;1;0;0;24;31;8
30;5;2065.488;1147.493;94;41;1;0;0.8590605;0.05907983;-0.1752807;0.7039701;0.1759546;1;1;1;1;1;1;1;198;118;19
30;5;1407.276;781.8203;90;47;0;0;-0.2733666;0.3419552;0.3765242;0.03421211;0.4415292;0;1;0;1;0;1;1;147;67;6
30;5;731.1163;406.1757;39;42;0;0;-0.995295;0.006103039;-0.3410615;0.08309865;0.5095052;0;0;1;1;0;0;1;174;93;24
30;5;753.8392;418.7995;46;29;0;0;-0.3074762;-0.4618605;-0.0120185;0.8924929;0.6773273;0;1;1;0;0;0;0;97;52;63
30;5;326.51;181.3945;72;49;0;1;0.9513268;-0.08459443;0.06389153;0.8194686;0.02068341;1;1;1;1;1;0;1;139;77;59
30;5;663.6848;368.7137;89;23;0;1;-0.1160892;-0.5800198;-0.6219849;0.0916332;0.2106888;0;1;0;0;1;0;1;190;114;76
30;5;1545.269;858.4828;58;24;0;0;-0.008345723;0.068735;0.7200058;0.4171824;0.67216;0;1;1;1;1;0;1;197;119;26
30;5;1716.541;953.6337;77;37;1;1;-0.3425726;0.7567305;0.7258881;0.6877927;0.4918236;1;1;0;1;1;0;1;196;105;87
30;5;1765.174;980.6522;97;20;0;0;0.6233504;0.4515484;-0.1221682;0.7481083;0.9076465;0;1;0;1;1;1;0;99;55;9
30;5;1363.378;757.4324;36;38;0;1;0.6104188;0.007134318;-0.1212159;0.4576864;0.6502943;1;1;1;1;1;1;1;181;98;75
30;5;972.9508;540.5283;37;27;1;1;-0.00063622;-0.4730168;-0.1029989;0.5972609;0.5982565;0;0;1;0;1;0;0;185;114;87
30;5;2013.195;1118.442;73;25;1;0;-0.9703691;-0.5682569;0.5576634;0.7435815;0.4033534;0;0;0;0;1;1;1;154;91;74
30;5;1353.592;751.9958;37;41;0;1;0.655201;0.6987181;0.6097626;0.8548683;0.456402;1;1;1;1;1;0;1;177;92;73
30;5;922.7317;512.6287;74;60;1;0;0.4319327;-0.7604752;0.3817406;0.3346664;0.5648164;1;1;1;1;0;1;1;166;89;7
30;5;814.2175;452.343;47;24;1;0;-0.8685822;-0.002766311;0.5571761;0.6889807;0.1692361;0;1;1;1;1;0;0;69;46;19
30;5;2155.181;1197.323;65;60;0;0;-0.8272295;-0.7705118;-0.6249567;0.4090073;0.2446072;1;1;1;0;0;1;1;195;105;7
30;5;1584.5;880.2778;36;21;0;0;0.07345283;-0.4487625;-0.05136096;0.9257939;0.5305911;1;0;0;1;0;0;1;210;114;12
30;5;1251.042;695.0234;43;52;0;0;0.7963064;0.03849685;0.5844665;0.4009654;0.4921966;1;0;0;1;0;1;1;150;68;22
30;5;2002.036;1112.242;43;41;1;0;0.5190909;0.1074041;-0.0327903;0.08226418;0.9749266;0;0;0;1;0;1;1;186;75;17
30;5;761.2791;422.9328;44;21;1;1;-0.2800735;-0.6863533;0.07795209;0.4341298;0.05107927;1;0;0;1;1;0;1;218;117;72
30;5;940.6362;522.5756;79;42;0;0;-0.3859149;-0.7617167;0.4298828;0.8076158;0.8602647;0;0;0;0;0;0;1;190;106;12
30;5;1753.403;974.113;44;58;1;0;-0.153309;0.266897;-0.5715461;0.6152479;0.6462737;0;1;0;0;1;0;1;201;114;14
30;5;2105.818;1169.899;76;52;1;0;0.09758699;-0.3552223;0.520026;0.4409971;0.7977577;1;1;1;1;1;0;1;152;81;15
30;5;500.3515;277.9731;71;39;0;0;-0.4047824;-0.7190966;0.009562016;0.5302458;0.476152;0;0;0;0;0;1;1;166;90;17
30;5;1824.323;1013.513;99;52;0;0;-0.7036471;-0.5402325;0.7697895;0.860101;0.1279151;0;0;0;1;0;0;1;197;111;14
30;5;1377.136;765.0755;52;41;0;1;0.1573733;-0.3721338;-0.2092458;0.05964029;0.850239;1;0;0;0;1;0;1;190;115;66
30;5;1827.044;1015.024;87;28;0;1;-0.5708735;0.3234015;-0.2373189;0.7333782;0.8431407;0;1;1;0;0;1;1;170;92;65
30;5;2148.283;1193.491;53;16;0;0;0.4331217;0.01952869;0.437677;0.3737336;0.6204836;1;0;1;0;1;0;1;187;115;4
30;5;1613.973;896.6518;75;51;0;0;-0.566268;0.2946565;0.1484219;0.6024725;0.8823922;1;1;0;1;0;1;1;164;72;24
30;5;2054.252;1141.251;74;30;1;1;0.8461623;0.2385872;0.5448269;0.637851;0.1754835;1;0;1;0;1;1;0;119;61;40
30;5;849.9962;472.2201;94;40;0;0;0.5071795;0.07727289;0.6302353;0.5000883;0.1033361;1;0;0;0;1;1;1;155;78;8
30;5;528.3699;293.5388;37;16;0;0;-0.8286271;0.4487217;0.1321948;0.3549576;0.5511689;1;1;0;0;0;0;0;78;56;1
30;5;357.7173;198.7318;59;31;1;0;0.1367739;0.4506437;-0.5431123;0.4214337;0.9748045;0;0;1;1;1;1;1;160;78;14
30;5;384.2569;213.476;99;19;0;1;0.7942781;-0.7632772;0.453809;0.6067762;0.8177881;1;0;1;0;0;1;1;159;88;35
30;5;713.2012;396.2229;38;24;1;0;-0.3352767;0.6080725;-0.4141783;0.5626543;0.7538321;0;1;0;0;1;1;0;172;115;10
30;5;2041.246;1134.026;56;42;1;0;0.8082106;0.7406151;0.1297539;0.9814095;0.9010404;0;1;0;1;1;1;1;152;77;30
30;5;2023.198;1123.999;42;38;0;1;0.8344781;-0.1395684;-0.5056335;0.1676991;0.7465441;0;0;1;0;0;1;1;147;71;71
30;5;1433.905;796.6138;82;21;1;1;-0.1980072;0.4001213;0.782922;0.7370318;0.5304185;1;1;0;1;0;1;1;177;92;75
30;5;1539.517;855.2873;45;27;1;1;0.1453708;0.05435801;-0.457707;0.5366347;0.6782238;0;0;1;1;0;0;1;195;114;66
30;5;1171.615;650.8975;41;38;1;1;-0.05220854;0.7295962;-0.1419873;0.6517206;0.9043623;0;1;0;1;0;0;1;158;105;65
30;5;985.0536;547.252;58;40;1;0;0.3401863;0.3323625;0.3348198;0.6435099;0.8754277;1;1;0;1;0;1;1;123;66;3
30;5;1923.475;1068.597;69;29;1;0;-0.4574596;-0.2170337;-0.4553623;0.4628283;0.2478254;0;1;0;0;0;0;1;155;84;12
30;5;1026.973;570.5406;64;29;0;0;-0.2172016;-0.6866091;-0.2280229;0.817968;0.310343;0;0;0;0;1;1;1;193;102;20
30;5;846.6728;470.3738;40;22;0;0;-0.6778526;0.2896732;-0.285101;0.2918069;0.1225624;0;1;1;0;0;1;0;172;104;18
30;5;1554.058;863.3655;53;44;0;0;0.0319134;-0.5324247;0.4546015;0.3647401;0.8657165;0;1;0;1;1;1;0;180;113;8
30;5;286.6695;159.2608;81;59;0;1;0.1293148;-0.1585517;-0.01410913;0.2870061;0.6524947;1;1;1;0;1;1;1;120;63;70
30;5;1714.976;952.7645;47;56;1;1;-0.5430303;0.4171743;0.618753;0.8239038;0.2291039;1;0;1;1;1;1;1;141;60;59
30;5;523.0182;290.5657;49;49;1;1;0.2272297;0.6601618;0.4084032;0.8417037;0.9559555;0;1;0;0;1;0;1;200;100;59
30;5;948.9379;527.1877;48;20;1;0;-0.4093465;0.2417984;-0.1913615;0.4918247;0.3971583;0;1;1;1;0;0;1;159;88;17
30;5;1622.267;901.2595;96;21;0;1;-0.2387339;0.3652544;0.02283925;0.3384718;0.9431874;1;0;1;0;0;1;0;151;93;72
30;5;1896.376;1053.542;91;56;1;0;0.2147564;0.4688268;-0.3956237;0.4237171;0.5756982;0;1;0;0;0;0;1;225;108;12
30;5;1003.877;557.7094;83;38;0;0;0.2008728;0.4740402;-0.1888543;0.9293126;0.7455699;1;1;1;0;1;1;1;176;87;21
30;5;1090.587;605.8819;46;43;1;0;0.8373539;-0.1724132;-0.1208014;0.1006291;0.3321323;0;1;1;1;0;0;0;49;41;31
30;5;420.4389;233.5772;92;52;0;0;-0.4431552;-0.05298626;0.299707;0.6759447;0.8301846;0;0;0;1;0;0;1;167;87;17
30;5;225.9471;125.5262;82;47;0;0;-0.330278;-0.02883995;-0.3037891;0.3760676;0.04241073;1;1;1;0;0;1;0;74;72;6
30;5;1221.993;678.8852;39;40;0;0;0.2439951;-0.4764339;0.306826;0.8096856;0.3586776;0;1;0;0;1;1;0;59;54;57
30;5;343.9005;191.0558;86;46;0;1;-0.9596889;0.3559194;-0.752974;0.2867737;0.5130304;1;1;1;1;0;0;0;146;85;22
30;5;1896.509;1053.616;41;45;1;0;0.34062;0.6984869;0.2271087;0.7288928;0.2618375;1;1;1;0;1;0;1;171;87;20
30;5;1118.735;621.5193;98;16;1;0;0.793648;0.3550407;-0.4207895;0.9385254;0.3150952;1;0;0;1;1;1;1;188;108;8
30;5;2109.411;1171.895;67;52;1;0;0.9217408;0.5514734;-0.1283938;0.4774781;0.6019995;0;0;1;0;0;1;1;182;93;75
30;5;482.0645;267.8136;60;50;0;1;-0.7883978;-0.1244518;0.7927757;0.3536201;0.9550687;0;0;0;1;1;1;0;99;61;69
30;5;1509.456;838.5865;95;31;1;1;-0.5250609;-0.2914649;-0.627582;0.8719828;0.5929071;0;0;0;1;0;1;1;205;113;74
30;5;1354.925;752.7358;87;16;1;0;-0.4663526;-0.2067191;0.1963605;0.3002372;0.7068186;0;1;0;1;1;1;0;141;99;3
30;5;1170.39;650.2166;77;34;0;0;0.4588828;0.1877515;-0.3521032;0.6859796;0.1141723;1;0;0;0;0;1;1;177;94;44
30;5;276.0963;153.3868;54;58;1;1;0.3845994;0.4962106;0.4437029;0.2448586;0.2291613;1;0;1;1;1;0;1;218;107;37
30;5;1640.635;911.4642;89;22;0;0;-0.6822584;0.1185098;0.3160372;0.3212289;0.4175922;0;1;1;1;1;1;1;160;76;32
30;5;886.4202;492.4557;31;41;1;0;-0.7155993;0.7958661;-0.2600936;0.2647319;0.5207095;1;1;0;0;0;1;0;116;57;15
30;5;619.7681;344.3156;51;33;0;0;0.2772617;-0.2785827;-0.2197814;0.2236328;0.3869845;1;0;1;0;1;0;1;151;69;58
30;5;244.0777;135.5987;49;43;1;0;-0.1555482;-0.2188586;-0.6403572;0.2310598;0.8442658;0;1;0;0;0;1;1;168;88;12
30;5;388.9868;216.1038;92;43;0;1;0.8062553;0.64534;-0.4776842;0.6610225;0.580126;1;1;0;1;0;0;1;195;110;64
30;5;2086.68;1159.267;55;35;0;0;-0.1518067;-0.6234991;0.4959486;0.1737034;0.8858161;0;1;1;1;1;0;1;169;86;84
30;5;393.6128;218.6738;67;40;0;0;-0.5013485;-0.1525704;-0.7781863;0.6548759;0.938542;1;1;0;1;1;0;0;88;52;21
30;5;1971.231;1095.128;65;55;0;0;0.3427109;-0.2604291;-0.6036535;0.8749834;0.269335;0;0;1;0;0;0;1;185;85;70
30;5;1231.436;684.1311;37;58;1;1;-0.5942321;0.3814457;0.2285509;0.5289889;0.03744376;0;1;0;1;0;1;0;60;58;70
30;5;216.4104;120.228;54;58;1;0;-0.5233378;-0.1211308;-0.08657104;0.6670245;0.03485489;0;0;1;0;0;0;1;138;67;12
30;5;794.323;441.2906;71;50;0;1;0.3490116;-0.5136237;0.08249581;0.3258027;0.3337335;1;1;0;1;1;0;1;140;69;80
30;5;1913.196;1062.887;81;54;0;1;0.9343538;0.302536;-0.2359483;0.3895001;0.1255156;1;1;1;1;0;0;1;203;110;76
30;5;1774.742;985.9678;94;37;1;1;0.1672992;-0.7379877;0.3268957;0.6974319;0.6968409;0;0;0;0;1;0;1;221;113;63
30;5;1119.315;621.8417;68;17;0;1;-0.7373104;-0.1310239;0.3065775;0.1987748;0.117627;1;0;0;0;1;0;1;140;64;23
30;5;310.2132;172.3407;94;17;0;1;0.2075461;-0.04374951;-0.4169894;0.8229822;0.8476276;0;1;0;1;0;1;1;171;89;2
30;5;1110.3;616.8336;42;40;1;0;-0.9879456;0.4654293;-0.5069719;0.6062296;0.687289;1;0;0;0;0;1;1;190;91;14
30;5;1485.328;825.182;82;42;0;1;-0.04927862;-0.6995813;-0.539892;0.9466088;0.6400766;0;0;1;0;1;1;1;210;115;68
30;5;1219.841;677.6896;35;39;0;0;-0.6595337;0.08278686;-0.5394564;0.0477798;0.8558713;1;1;1;0;0;1;1;203;114;26
30;5;253.1975;140.6653;90;17;1;0;0.4327979;-0.3420705;-0.5142038;0.2295313;0.4897904;1;0;0;0;0;0;0;104;82;2
30;5;312.6482;173.6934;88;59;1;0;-0.9049149;-0.4025221;-0.1121632;0.1608651;0.7939943;1;1;1;0;0;1;1;216;106;67
30;5;1960.506;1089.17;76;53;1;1;-0.4845663;-0.132665;0.7696748;0.1566927;0.951969;1;1;1;1;1;0;1;171;80;97
30;5;1197.829;665.4603;73;55;0;0;-0.1247326;-0.1294574;0.318259;0.8125494;0.2424061;1;0;0;0;0;1;1;189;84;35
30;5;1674.563;930.3128;95;53;1;0;-0.01141894;0.2229313;0.4613979;0.08086729;0.5687618;0;1;0;0;0;1;1;126;68;68
30;5;1299.546;721.9699;58;32;0;1;0.08048999;-0.2407458;0.6359649;0.6239418;0.2810093;1;0;0;0;1;0;1;124;67;57
30;5;811.0118;450.5621;86;56;1;1;-0.6196921;-0.1152488;0.3321916;0.6101637;0.8035755;0;1;1;1;1;1;1;146;64;66
30;5;770.0844;427.8246;94;26;1;1;0.8754814;0.4571607;-0.1017264;0.273831;0.1549246;0;0;0;1;1;1;0;78;47;62
30;5;325.6056;180.892;62;30;0;0;-0.009500623;0.7480919;0.0175088;0.5595093;0.09266901;0;0;0;0;0;0;1;140;63;3
30;5;1932.546;1073.637;71;26;0;0;0.3201866;0.1076356;0.1598121;0.03561556;0.6732789;0;1;0;1;0;1;1;204;114;63
30;5;1931.337;1072.965;55;36;1;0;-0.1951531;-0.5546282;-0.7739683;0.2579792;0.6825213;1;0;1;0;0;0;0;165;78;22
30;5;1490.418;828.0099;83;48;1;1;0.9106929;0.167946;0.68239;0.4038427;0.3442933;1;1;1;0;0;1;1;177;91;78
30;5;1987.274;1104.041;30;19;0;1;0.2455868;0.05097991;-0.7692854;0.6759069;0.4516161;0;1;0;1;0;1;0;167;105;67
30;5;1930.997;1072.776;81;19;0;0;0.6152081;-0.5306093;0.7090099;0.168228;0.8815628;0;1;1;1;0;0;0;76;65;34
30;5;1576.82;876.0112;72;42;1;1;-0.1445702;0.2998047;0.6108107;0.9775391;0.4930788;1;0;1;1;0;0;1;164;70;78
30;5;1175.912;653.2847;57;27;0;1;0.637969;0.1204387;0.2255323;0.01644433;0.3934948;0;1;0;0;1;0;1;189;103;70
30;5;1677.237;931.7982;44;33;0;0;-0.0254885;-0.03969795;0.5633022;0.7504361;0.1463491;1;1;0;0;0;1;1;185;90;26
30;5;1140.075;633.3751;52;33;1;1;-0.7451019;-0.6008373;0.256928;0.2616178;0.7712559;0;1;0;1;1;0;1;168;95;94
30;5;288.586;160.3256;53;33;0;1;-0.6616924;0.4031496;0.3143541;0.6216682;0.6849375;1;0;1;0;1;1;1;208;112;17
30;5;709.9167;394.3982;90;35;1;0;0.3115279;-0.5749771;-0.5731413;0.273977;0.63788;0;1;0;1;0;0;0;120;67;25
30;5;633.1784;351.7658;49;20;1;1;0.7281084;-0.05709809;-0.1063369;0.2339045;0.775599;0;1;1;0;0;0;0;68;49;49
30;5;1469.087;816.1593;48;56;0;1;0.479655;0.1359874;-0.1193233;0.9308029;0.04309809;1;0;0;1;1;0;1;188;95;73
30;5;296.3705;164.6503;89;44;0;1;-0.9023538;-0.6880438;0.1529447;0.02354789;0.8320276;0;0;0;1;1;1;1;216;115;18
30;5;1483.611;824.2281;40;16;0;1;0.889576;0.7973863;-0.5080431;0.240456;0.9790076;1;0;0;1;1;1;0;125;76;2
30;5;535.0789;297.2661;61;47;1;0;0.3027568;0.6995974;0.004017711;0.5079177;0.5378867;1;0;0;1;0;1;1;203;108;8
30;5;1003.861;557.7007;67;60;0;1;-0.3853189;0.1010814;-0.304203;0.4206669;0.6750157;0;0;1;1;1;0;1;188;107;63
30;5;693.2665;385.1481;54;42;0;1;0.3482539;-0.1561435;0.1511025;0.6681771;0.2193085;0;1;1;1;0;0;1;156;68;18
30;5;959.244;532.9133;81;41;0;1;0.7839301;-0.5312924;-0.5508377;0.2135589;0.4810049;1;0;0;0;0;1;1;132;61;67
30;5;1027.298;570.721;53;52;1;0;-0.5948429;0.1264571;0.5873438;0.1726741;0.7763516;0;1;0;1;0;1;0;121;77;15
30;5;980.6035;544.7797;91;15;1;1;-0.1084555;-0.09959364;0.6312655;0.6826793;0.2634156;0;1;1;0;0;0;0;135;96;69
30;5;2136.205;1186.78;88;53;0;1;-0.4386619;0.1980966;0.2114683;0.1065279;0.2554695;0;1;1;1;0;0;1;190;103;89
30;5;926.7499;514.8611;32;25;1;1;-0.4002994;0.5648062;0.5459627;0.4016734;0.3699577;0;1;1;0;1;1;1;168;87;61
30;5;546.8264;303.7924;72;18;1;0;-0.2179853;0.7127419;0.08246738;0.3594678;0.14755;0;1;0;0;1;0;0;170;104;5
30;5;975.0139;541.6744;45;60;1;1;0.8103082;0.6006789;-0.3388879;0.6312325;0.8412799;0;1;1;1;1;1;1;210;114;84
30;5;287.0213;159.4563;38;24;0;0;0.735028;-0.6374981;-0.4086642;0.1931536;0.7187575;1;1;0;1;1;0;0;111;66;15
30;5;1715.258;952.9209;96;34;1;1;-0.3878342;-0.5169573;0.2420593;0.2697993;0.3846425;0;1;1;1;0;0;1;182;103;99
30;5;1888.644;1049.247;78;15;1;0;-0.5235581;0.5335647;0.07631618;0.7856491;0.1731632;0;1;0;0;1;0;0;30;35;11
30;5;1864.052;1035.584;33;39;0;1;-0.3412582;0.488718;-0.1952571;0.2470829;0.7066;1;0;0;1;0;1;1;148;77;75
30;5;2131.444;1184.136;35;16;0;0;-0.4369584;0.05483979;0.08959419;0.3115937;0.6440928;0;0;1;1;0;0;1;151;73;12
30;5;1129.348;627.4155;53;50;0;1;0.9189641;-0.1962045;0.3889902;0.8957642;0.5114004;1;0;1;1;1;0;1;170;79;76
30;5;954.9512;530.5284;87;45;1;1;0.7606964;0.7104192;-0.720669;0.08650839;0.0884794;1;0;1;0;0;1;1;192;117;44
30;5;331.001;183.8895;32;35;1;1;-0.101658;0.35061;-0.3868856;0.1419233;0.2611474;0;1;0;1;0;1;0;113;85;22
30;5;587.0461;326.1367;32;24;1;1;0.4308748;-0.4372452;-0.5559185;0.1740253;0.0590986;0;0;1;0;1;0;1;188;116;46
30;5;656.5181;364.7323;71;39;1;0;0.8846164;0.7699828;0.4796789;0.6677036;0.01207471;1;1;1;1;1;0;0;136;64;15
30;5;772.9271;429.404;41;37;1;1;-0.309435;-0.4787475;-0.7042099;0.3920916;0.1098139;0;0;0;1;0;1;1;198;109;72
30;5;1358.143;754.5239;68;53;0;0;0.2956004;-0.7005559;-0.7733003;0.5188342;0.06624711;0;1;1;0;1;1;0;112;60;7
30;5;826.1244;458.958;96;27;0;0;2.503395E-06;-0.4749742;0.08095771;0.3157451;0.9683473;1;1;1;0;1;1;1;182;110;11
30;5;463.5762;257.5424;71;32;0;0;0.4261431;0.2206373;0.4930345;0.7272807;0.8778826;0;0;1;0;1;1;1;173;77;13
30;5;378.4033;210.2241;81;21;0;0;0.1991256;0.2612344;-0.7569171;0.1929033;0.7490528;0;0;0;0;1;0;0;86;59;8
30;5;251.8467;139.9148;63;45;1;0;-0.1591071;0.3482832;0.2942308;0.7582628;0.8508409;1;1;1;1;0;1;1;147;77;9
30;5;2037.444;1131.913;36;44;1;0;-0.276817;-0.2303969;-0.2400747;0.5547004;0.1462977;1;1;1;1;0;0;1;150;65;23
30;5;1952.538;1084.744;47;55;0;1;-0.377066;0.628302;0.3097813;0.1423165;0.9493943;1;1;1;1;1;0;1;181;93;99
30;5;528.1539;293.4189;97;57;1;1;0.8490858;0.572073;-0.2326701;0.4346979;0.1131052;1;0;1;0;0;1;1;215;118;67
30;5;332.6431;184.8017;88;60;0;0;0.5670137;-0.5643248;0.1604928;0.1194447;0.1188091;1;1;0;0;1;0;0;161;95;6
30;5;1239.041;688.3558;69;42;0;0;-0.5533133;-0.1368611;0.1764783;0.5157514;0.8560402;0;0;0;1;1;0;0;152;70;12
30;5;1779.358;988.5324;68;38;1;0;0.0167073;-0.4259476;-0.5134168;0.2328132;0.4204089;1;0;0;1;0;1;1;156;72;66
30;5;923.9861;513.3256;46;35;0;0;-0.02927959;0.08018601;-0.3659289;0.09508562;0.776565;1;1;0;1;1;0;0;27;32;32
30;5;1553.165;862.8692;91;28;0;1;0.288511;-0.5461803;-0.4246927;0.5171399;0.3051677;0;0;1;1;0;1;1;163;71;62
31;5;955.7085;530.9492;92;51;0;0;0.5437999;-0.3894754;0.6673107;0.7920702;0.5919436;1;0;0;1;0;0;1;212;107;30
31;5;1246.153;692.3075;88;31;0;0;0.6747079;-0.2459417;-0.2725352;0.6246306;0.6296583;0;0;1;0;0;0;1;189;101;54
31;5;902.5193;501.3996;40;32;1;1;0.7414901;-0.6008236;-0.07621014;0.09778512;0.7746003;0;0;1;0;1;1;1;184;93;78
31;5;585.9624;325.5347;66;33;1;1;-0.9561083;-0.68854;0.123882;0.3733506;0.1135532;1;0;0;0;1;1;1;178;114;21
31;5;467.3761;259.6534;88;41;0;0;-0.467697;-0.7853795;0.4415731;0.915184;0.3594255;1;1;0;1;0;1;0;30;33;7
31;5;1207.679;670.9327;82;59;0;1;0.3711414;0.3055557;-0.7635229;0.9545091;0.7195165;0;1;0;1;1;1;1;127;63;78
31;5;2077.292;1154.051;33;49;1;0;0.6541736;-0.7805563;-0.203406;0.09224308;0.4633291;0;1;1;1;1;1;1;158;91;35
31;5;321.929;178.8494;40;26;1;1;-0.6511703;0.3555191;0.6503212;0.0006018877;0.7190619;0;0;0;1;0;0;1;195;97;11
31;5;511.5639;284.2022;34;34;0;0;-0.4378852;-0.7716517;-0.7893048;0.8471497;0.7101276;1;1;0;1;1;0;1;168;82;10
31;5;1674.252;930.1398;83;25;1;0;-0.3821365;0.6037794;-0.2347766;0.6530733;0.6326803;1;1;1;0;0;0;0;142;69;15
31;5;1465.004;813.891;65;50;1;0;-0.3626968;0.3721249;-0.6688771;0.673944;0.4994131;1;1;1;0;1;1;1;171;95;20
31;5;2007.602;1115.334;71;46;1;0;-0.4151424;0.6816158;0.4044073;0.5944541;0.2018676;1;1;1;0;1;1;1;195;95;15
31;5;1579.586;877.5477;61;19;0;0;-0.6888862;0.006064892;0.6242365;0.3593658;0.4024281;0;0;0;0;1;1;1;195;117;6
31;5;1970.505;1094.725;42;51;0;1;0.9717038;0.07351637;0.7579036;0.2088885;0.9594952;1;1;0;1;1;0;1;158;88;100
31;5;1658.101;921.1675;86;17;0;1;-0.8808563;0.7545666;-0.7358629;0.5639799;0.2730166;1;0;0;1;0;1;0;47;50;4
31;5;1456.693;809.2741;81;24;0;1;0.3124351;0.6217884;0.487505;0.5538351;0.6435194;0;1;1;1;0;0;1;152;89;77
31;5;487.7642;270.9801;34;25;0;0;0.6576176;-0.3402535;-0.7331272;0.3752162;0.8627908;0;0;0;0;1;1;1;145;71;7
31;5;1264.651;702.5837;58;20;1;0;0.51367;-0.2500013;-0.7736493;0.577429;0.5083923;1;1;0;0;1;1;0;51;58;4
31;5;2129.738;1183.188;35;55;1;1;-0.3363003;-0.4686732;0.7201605;0.5518629;0.4710496;1;0;0;0;1;0;1;216;108;83
31;5;1463.98;813.3222;60;40;0;1;-0.07337415;0.5135157;-0.6929033;0.4356526;0.9405762;1;0;1;0;1;0;1;129;66;55
31;5;1192.117;662.287;97;58;0;1;-0.02001035;-0.4960461;-0.1719214;0.6631044;0.4924099;0;0;0;0;0;1;1;178;93;56
31;5;1721.975;956.6529;80;47;0;1;-0.9016266;-0.7349251;0.4889255;0.4632545;0.2837514;1;1;0;0;0;0;1;148;60;64
31;5;1719.259;955.144;40;51;1;1;-0.7746305;-0.6069563;-0.6551238;0.6885639;0.254653;0;0;1;0;1;1;1;203;113;45
31;5;1561.001;867.223;81;48;0;1;-0.4133583;-0.3290132;-0.2814656;0.7610829;0.9907085;1;1;1;0;0;1;1;143;69;77
30;5;1389.742;772.079;50;52;1;1;-0.1516339;0.1010574;-0.05233657;0.7636678;0.09805918;1;1;0;0;1;1;1;148;67;53
30;5;753.8591;418.8106;82;56;0;0;-0.4513713;-0.221008;0.5918167;0.1523547;0.5005921;0;0;0;1;0;1;1;152;65;17
30;5;1912.713;1062.619;81;33;0;0;-0.4599811;0.5403278;-0.09631777;0.8803145;0.2984793;1;1;1;0;1;1;0;111;60;32
30;5;1711.567;950.8705;62;41;0;0;-0.8095174;0.347517;0.511099;0.6965299;0.995785;0;0;1;1;0;0;1;168;81;20
30;5;1171.677;650.9319;82;21;1;0;-0.08997858;-0.2081647;0.08157015;0.8208855;0.3682837;1;0;1;0;1;0;1;135;67;31
30;5;656.9335;364.963;91;35;0;1;0.9701788;0.4177063;-0.05883551;0.3937922;0.4763344;0;1;0;0;0;1;1;148;73;49
30;5;1337.058;742.8102;54;32;0;1;0.7538581;-0.5870371;-0.03683978;0.2111576;0.6103192;1;0;0;1;1;0;0;182;107;81
30;5;2071.686;1150.936;34;30;0;1;0.6915936;0.1361423;0.3202335;0.5576398;0.013978;1;0;1;1;0;1;0;115;83;54
30;5;777.3611;431.8673;56;59;1;1;0.5571902;-0.4469227;-0.05652416;0.0210439;0.5015354;0;0;1;1;1;1;1;194;84;83
30;5;762.2454;423.4697;98;16;1;0;0.9672506;-0.4462166;-0.4931398;0.1951889;0.06024528;1;0;1;0;1;1;1;158;83;16
30;5;1479.69;822.0498;91;59;0;1;0.8000722;0.464572;-0.431114;0.6187741;0.4202288;0;0;0;0;1;1;0;97;57;55
30;5;982.2456;545.692;61;38;0;1;0.1498245;0.5494852;0.382456;0.01743424;0.1334964;0;0;0;1;0;0;0;110;59;56
30;5;1112.958;618.3102;97;27;1;1;-0.5671191;0.669879;0.6772923;0.1519108;0.8626065;1;0;0;0;1;1;0;187;112;72
30;5;508.57;282.5389;51;23;0;1;-0.3595284;-0.4332458;-0.3945836;0.6932459;0.6749147;1;0;1;0;0;1;1;173;84;46
30;5;255.3601;141.8667;43;21;1;0;-0.985234;-0.265488;0.5366096;0.1523165;0.5933545;1;1;0;0;1;0;1;149;78;1
30;5;693.8336;385.4631;43;35;1;0;0.05550969;-0.3027694;-0.2746352;0.2507209;0.6246788;1;0;0;0;0;1;0;175;92;36
30;5;1951.615;1084.231;95;55;0;0;0.2175111;-0.1433837;-0.002901733;0.8590701;0.09070337;1;0;0;1;0;0;0;174;91;22
30;5;625.5003;347.5002;61;49;1;0;-0.7482646;0.1663795;-0.5764833;0.5561273;0.6110851;0;0;1;1;1;0;1;174;78;50
30;5;1122.252;623.4734;93;38;1;1;0.08247626;-0.2487695;-0.5414948;0.2926149;0.9851811;0;0;1;1;0;0;1;194;110;74
30;5;950.9232;528.2906;47;26;0;1;-0.2632653;0.6476013;0.512682;0.6057029;0.9366386;0;1;1;1;1;1;0;70;53;49
30;5;280.5415;155.8564;74;51;0;0;0.339957;0.0235917;0.2478681;0.5817444;0.04443121;1;1;0;1;0;1;0;120;82;4
30;5;2127.223;1181.791;57;23;0;0;-0.568917;0.2344791;0.5982518;0.8096342;0.1088275;1;0;0;0;0;1;1;153;76;38
30;5;1543.411;857.4506;36;38;1;0;-0.6274436;-0.3113521;-0.5648745;0.1649628;0.1426064;0;1;0;1;1;0;1;147;74;14
30;5;2000.342;1111.301;94;27;0;0;-0.2906262;-0.2335716;-0.3021813;0.2781501;0.9486524;1;0;0;1;0;1;1;191;103;25
30;5;683.176;379.5422;37;42;0;0;0.633347;0.3811584;-0.3800386;0.2136891;0.3199119;1;0;1;1;1;0;1;220;117;37
30;5;830.6909;461.4949;71;30;0;1;0.3524687;0.5135614;0.7827662;0.5505425;0.269959;1;0;0;1;0;0;1;171;79;49
30;5;1648.968;916.0931;44;21;0;1;-0.4269863;-0.2567727;0.3934646;0.2891125;0.6402366;1;0;1;0;1;1;1;160;89;69
30;5;793.7279;440.96;42;22;0;0;-0.06808031;0.5343592;0.7227316;0.7009212;0.7975658;1;0;1;0;1;0;0;103;67;16
30;5;1227.107;681.7263;60;43;0;0;0.4139178;0.5301176;0.3840361;0.5254732;0.329007;1;1;0;0;0;1;1;216;110;42
30;5;874.8084;486.0047;39;31;1;1;-0.5114059;0.6797318;-0.3877011;0.4730065;0.8549767;1;0;0;0;0;0;1;169;78;56
30;5;1721.364;956.3134;68;51;0;1;0.1123084;-0.2282063;0.3091987;0.8173517;0.3907956;0;1;0;0;1;1;1;135;64;96
30;5;2046.592;1136.995;85;21;1;0;0.1790682;-0.442404;0.5919699;0.1585582;0.4455025;0;0;1;1;1;0;0;99;56;21
30;5;1573.013;873.8961;59;46;1;1;0.4574685;-0.1572725;0.147663;0.7164552;0.8694906;0;0;1;1;0;0;0;93;50;53
30;5;1868.205;1037.891;44;23;1;0;0.8775275;-0.6303282;-0.2796287;0.3514751;0.4931757;1;0;0;1;1;0;1;191;97;44
30;5;503.9572;279.9762;60;52;1;0;-0.05533564;0.00807941;0.568207;0.9043617;0.5129121;0;1;0;1;0;0;1;177;102;11
30;5;1176.95;653.8609;34;36;0;0;-0.1651727;-0.4946484;-0.3855972;0.7611045;0.3801517;0;1;1;0;1;1;1;198;108;31
30;5;780.7438;433.7466;66;32;0;0;0.2653637;-0.1904443;-0.6121948;0.2610733;0.3258608;1;1;1;1;0;1;1;144;70;15
30;5;2001.442;1111.912;38;48;1;1;0.4331627;-0.4071441;-0.02292049;0.03659415;0.910035;1;0;1;1;1;1;1;165;75;75
30;5;1014.059;563.3661;82;19;1;1;-0.465643;-0.1112944;0.7841225;0.5987692;0.6219935;0;0;1;1;1;0;1;183;99;30
30;5;1817.105;1009.503;50;41;1;0;-0.1205677;-0.7301062;0.01674241;0.7372391;0.9142709;1;1;1;1;1;1;1;195;112;45
30;5;1388.947;771.6371;41;38;0;0;-0.5448186;0.5835544;-0.1619132;0.3138809;0.01612151;1;1;1;0;1;1;0;97;68;18
30;5;1449.627;805.3485;42;35;0;0;0.5729346;-0.2723819;0.2607149;0.5981947;0.2518174;0;0;1;0;0;0;1;159;66;34
30;5;879.4033;488.5574;42;52;1;0;-0.7944069;-0.779633;0.1018189;0.3101797;0.7715698;1;0;0;1;1;1;1;171;96;66
30;5;414.834;230.4633;31;60;0;1;-0.7549541;-0.1362252;-0.6343859;0.04758406;0.02701855;1;0;0;0;0;0;1;178;85;21
30;5;1676.812;931.5623;56;23;0;0;-0.8426292;0.506649;-0.6350258;0.8800567;0.6508003;1;1;1;0;0;1;0;169;94;12
30;5;1515.394;841.8856;73;50;1;1;0.8569944;0.3464246;-0.7442942;0.2033548;0.05137181;0;1;1;0;1;1;0;105;66;48
30;5;307.0096;170.5609;97;15;1;0;-0.2499861;-0.1966519;0.3121355;0.3747621;0.7036663;0;0;0;1;0;0;0;8;29;1
30;5;1825.051;1013.917;61;48;1;1;-0.4114827;-0.5351395;-0.7624306;0.02897167;0.5028345;1;0;1;0;0;0;1;172;79;57
30;5;983.4224;546.3458;79;35;1;0;0.8773882;0.2836181;0.3531864;0.1429394;0.6966159;1;0;0;1;0;0;0;147;97;5
30;5;2027.859;1126.588;76;29;1;0;-0.1590945;-0.5759451;-0.6947563;0.1229526;0.7727914;0;0;1;1;0;1;0;140;77;74
30;5;2008.682;1115.934;37;15;1;0;-0.7521386;-0.3932315;0.179911;0.5873687;0.08742535;0;0;1;0;0;0;0;55;45;23
30;5;2002.78;1112.656;55;42;0;0;-0.8524668;-0.1871241;0.08835649;0.3704051;0.5268645;0;1;1;1;0;1;0;82;66;63
30;5;1140.875;633.8193;91;54;1;0;-0.5929682;-0.4650378;-0.7444949;0.5722138;0.1852522;1;0;1;1;0;1;1;203;110;58
30;5;598.521;332.5117;30;26;1;1;0.1799301;0.7289764;-0.5555685;0.1844567;0.6799718;0;0;1;1;0;0;1;207;112;25
30;5;1608.011;893.3393;87;15;0;1;0.04138148;-0.362124;-0.4938217;0.8431486;0.9442153;0;1;0;0;1;0;0;88;56;51
30;5;1283.71;713.1721;44;35;1;0;0.6761887;-0.5106117;0.06813443;0.9664651;0.2445529;1;1;1;0;1;0;0;142;65;10
30;5;290.3192;161.2885;46;29;1;0;0.9336762;0.2842392;-0.7494619;0.5471471;0.3902575;1;1;0;0;1;0;1;196;111;6
30;5;1154.097;641.1652;51;60;0;1;-0.4389156;0.06999844;0.0364213;0.9781164;0.5882269;1;1;0;0;1;0;0;199;109;84
30;5;986.5215;548.0675;47;27;0;0;-0.3595616;-0.1171052;0.3308958;0.5113791;0.7525316;0;0;1;0;1;0;0;95;78;12
30;5;877.6876;487.6042;94;45;1;1;-0.6655269;0.0852378;-0.4201784;0.3327039;0.4033855;0;1;1;1;1;0;1;181;79;92
30;5;2155.729;1197.627;88;17;1;1;0.6181171;-0.307389;0.7547598;0.8422219;0.03175581;1;0;1;1;0;1;1;161;72;58
30;5;1546.132;858.9624;51;37;1;1;-0.1439701;0.7793589;-0.05871665;0.4287695;0.9554094;0;1;1;1;1;0;1;198;108;91
30;5;1394.558;774.7543;55;29;1;1;-0.4352232;-0.5515428;0.1787721;0.9446743;0.1966854;1;1;0;0;1;1;1;165;88;97
30;5;883.2819;490.7122;51;22;0;1;0.1176699;-0.7754541;0.5866341;0.3707666;0.5050523;0;0;1;0;1;0;1;189;96;69
30;5;1330.213;739.0071;50;21;1;1;0.2517347;0.1048478;0.1268155;0.9298648;0.6754314;1;1;1;0;0;0;1;146;69;53
30;5;1274.027;707.7928;46;53;1;1;0.3975193;0.09976947;0.2074554;0.956547;0.9329488;1;1;0;0;0;0;1;133;61;86
30;5;639.4625;355.257;55;40;1;0;0.2740724;-0.7766321;0.1751979;0.7028643;0.9126917;1;0;1;1;0;1;1;156;76;23
30;5;1498.931;832.7392;88;26;1;0;0.6709332;-0.6535216;0.1683141;0.9960134;0.2772213;0;1;1;1;1;1;1;133;70;22
30;5;1650.925;917.1804;44;28;0;1;-0.9435482;0.3517881;-0.1410995;0.8500683;0.8669004;0;0;0;0;1;1;1;153;75;28
30;5;898.1329;498.9627;62;44;0;1;-0.2482234;-0.6171286;-0.7775503;0.5812919;0.4368007;1;1;1;0;0;1;1;131;69;49
30;5;393.5134;218.6186;73;24;0;0;0.9031403;0.2141232;-0.4007376;0.8241087;0.3380927;0;1;1;0;1;1;1;176;97;13
30;5;2068.535;1149.186;82;23;0;0;-0.7674227;0.7093288;0.1576732;0.3659403;0.4239385;1;1;1;1;0;0;1;191;116;51
30;5;1365.302;758.5008;37;15;1;1;0.5429411;0.4250526;0.2162123;0.7862091;0.9941894;1;1;0;1;0;0;1;120;63;43
30;5;2024.873;1124.929;86;53;0;0;-0.3146921;0.07678384;-0.6656813;0.9226179;0.685524;1;1;1;0;1;0;1;160;73;45
30;5;386.9373;214.9651;53;52;0;1;0.6429615;-0.403784;-0.6887711;0.6829901;0.8762517;0;0;0;0;0;1;1;190;95;21
30;5;1410.26;783.478;96;45;1;1;-0.7721992;-0.564117;0.206167;0.5988532;0.7559348;0;1;0;1;0;1;1;192;99;78
30;5;581.4877;323.0487;82;18;0;1;0.8572705;0.6644692;-0.00550127;0.281814;0.1633474;0;1;0;0;1;0;1;167;96;21
30;5;1597.735;887.6306;49;17;1;0;-0.9016995;-0.6630129;0.4782022;0.4008182;0.2822351;1;1;1;1;0;0;1;163;105;18
30;5;1830.398;1016.888;87;32;1;1;-0.6468523;-0.575753;0.2363495;0.8200607;0.6364458;1;0;0;0;1;0;1;217;114;78
30;5;656.3217;364.6231;88;46;1;1;-0.9138687;0.2256121;-0.3863704;0.7490329;0.01256609;0;1;1;0;0;1;0;181;78;55
30;5;1140.411;633.5615;66;55;1;1;0.3077693;0.08874863;0.1686456;0.8414308;0.8642938;1;0;1;1;0;1;1;182;88;63
30;5;1557.913;865.5072;78;48;0;1;0.002519488;0.1707433;0.1391482;0.2750059;0.2861978;1;0;1;0;0;1;1;167;81;54
30;5;326.0035;181.1131;70;58;1;0;-0.8768697;-0.743154;-0.4789414;0.7303959;0.02291286;0;1;1;1;0;0;0;74;47;3
30;5;794.1881;441.2156;37;35;1;0;0.9693537;-0.7602687;-0.6901974;0.09313715;0.8231792;1;0;1;1;0;1;0;131;68;6
30;5;374.038;207.7989;31;20;1;0;0.3300042;-0.6972514;-0.110189;0.1128802;0.8753498;0;1;1;0;0;1;0;119;91;1
30;5;2022.788;1123.771;58;60;0;1;0.3619117;-0.6957527;0.512561;0.1210784;0.1933545;0;1;1;0;1;0;0;165;97;100
30;5;1825.903;1014.39;68;15;0;1;0.05753362;0.3229631;0.02266777;0.3943518;0.2102594;1;1;1;1;1;0;1;138;73;21
30;5;1285.526;714.181;47;25;0;1;0.8371515;-0.6743174;-0.06139213;0.06758165;0.8730882;1;0;1;0;1;0;1;176;97;56
30;5;1628.685;904.8248;63;44;1;0;-0.01115954;0.7843537;-0.4529553;0.7495458;0.2270194;0;0;0;0;0;1;0;141;77;12
30;5;1202.086;667.8255;42;40;0;0;0.0070678;0.05161202;0.1597174;0.7426118;0.2794749;1;1;0;0;1;0;1;135;64;17
30;5;1570.405;872.4472;61;30;0;1;-0.4383701;-0.7165714;-0.5045387;0.1021048;0.01300764;0;0;1;1;1;1;1;144;63;60
30;5;625.0391;347.244;47;54;1;1;-0.107658;0.3386711;-0.454666;0.4675002;0.7071189;1;0;1;0;0;0;1;180;81;36
30;5;724.3702;402.4279;61;39;1;0;0.3958821;-0.3809543;0.5998215;0.7967932;0.5025832;1;0;0;0;0;1;1;207;103;14
30;5;546.4866;303.6037;39;42;0;1;-0.4238054;-0.7772616;-0.3252541;0.08467984;0.3434595;0;0;0;0;0;1;1;198;89;16
30;5;234.2595;130.1442;63;15;0;1;0.2717855;0.4235769;0.223597;0.2575048;0.6142067;0;0;1;0;0;1;0;72;74;1
30;5;710.253;394.585;89;35;1;1;0.07369697;0.1507443;-0.7988935;0.4475268;0.8793625;1;1;0;1;1;0;1;175;78;34
30;5;1398.36;776.8669;31;41;0;1;0.04969919;0.1475131;-0.7825777;0.07448256;0.9355413;0;0;0;0;1;0;1;160;76;15
30;5;1240.06;688.9223;44;37;0;0;-0.4254009;-0.03460991;-0.6871762;0.1093421;0.9960327;1;1;0;1;1;1;1;136;70;11
30;5;2121.257;1178.476;75;30;1;0;0.1894194;-0.2531134;-0.7550827;0.4619426;0.7157005;1;1;0;0;0;0;1;150;75;11
30;5;1093.215;607.3419;83;36;1;0;-0.6073556;-0.7655489;0.5151722;0.8318917;0.08946049;0;1;1;0;0;0;1;160;76;16
30;5;2110.808;1172.671;79;56;1;1;-0.5079777;0.7427045;-0.2668811;0.650615;0.5474675;1;0;0;1;1;1;1;196;103;85
30;5;1726.166;958.9808;51;50;1;1;-0.05971587;0.1976914;0.7082825;0.3126463;0.344248;0;0;0;0;1;0;1;215;111;69
30;5;1614.24;896.8002;78;36;0;1;-0.3397168;-0.2786746;-0.7944513;0.3315139;0.0719614;1;0;1;0;0;0;0;77;70;28
30;5;1066.914;592.7302;85;23;1;0;0.5659561;0.4459425;0.2277012;0.1966846;0.5418527;1;1;1;0;1;1;1;145;74;32
30;5;1862.255;1034.586;38;41;0;1;0.09276497;-0.207595;-0.1654061;0.9466237;0.7233446;0;0;0;1;0;0;0;212;114;61
30;5;1636.8;909.3331;85;28;0;0;0.5290065;0.07053596;-0.1222184;0.5224021;0.4241185;0;1;0;1;1;0;0;162;91;16
30;5;1343.326;746.292;86;15;1;1;0.9195497;-0.2499351;0.2956247;0.9419823;0.8149215;0;0;0;0;1;1;1;158;95;7
30;5;1234.034;685.5746;71;27;1;1;-0.3796293;-0.6606495;0.7750795;0.3828989;0.2423322;0;0;0;1;0;1;1;183;93;73
30;5;1713.494;951.9413;64;54;1;1;0.4944989;-0.2860107;-0.7912074;0.06108272;0.6007618;0;0;0;0;1;0;0;11;34;39
30;5;481.8918;267.7177;80;49;0;0;-0.4274219;-0.6081977;0.009043038;0.3083923;0.9041346;0;0;0;1;0;1;0;23;27;14
30;5;1999.97;1111.094;80;51;1;0;-0.04107726;-0.312704;0.7762396;0.3446707;0.7338127;0;1;0;1;0;0;0;117;87;45
30;5;1846.858;1026.032;97;37;1;1;0.7356122;0.6936364;-0.2008241;0.3916386;0.6706648;1;0;0;1;0;0;0;68;57;43
30;5;1039.369;577.427;58;43;0;0;-0.4630684;-0.6928986;-8.517504E-05;0.8171601;0.0322516;1;0;0;1;0;0;0;49;59;18
30;5;1146.254;636.8076;37;58;1;1;0.08537972;-0.1265193;-0.4323614;0.3593062;0.04695582;0;0;1;0;0;1;0;14;29;21
30;5;1305.405;725.2249;55;25;0;0;0.4435105;-0.161119;0.382122;0.9016606;0.4928482;1;1;0;0;0;1;0;33;51;1
30;5;785.425;436.3472;46;39;0;0;-0.9775958;0.3630989;-0.6922272;0.7024606;0.7922435;0;1;1;0;1;0;0;27;40;4
30;5;716.0723;397.8179;90;50;1;1;-0.1407601;-0.05980939;-0.4318531;0.186561;0.2541888;1;0;0;0;1;0;0;53;44;50
30;5;2069.89;1149.939;48;60;0;0;-0.09505856;-0.2546416;0.5448;0.7290947;0.9856292;1;1;0;1;0;0;1;189;114;59
30;5;807.2776;448.4876;38;19;1;1;-0.8574893;-0.7725866;-0.6771267;0.2776849;0.3812768;1;0;0;0;1;1;0;61;60;6
30;5;1885.028;1047.238;64;20;0;0;-0.5518546;-0.719246;0.2948679;0.2283969;0.3372837;0;1;1;0;1;1;0;101;81;6
30;5;1871.949;1039.972;37;49;1;1;0.3323497;0.2975512;-0.6393005;0.4518662;0.3265527;0;0;0;1;1;0;1;193;107;40
30;5;551.8969;306.6094;31;53;1;0;-0.5869308;-0.2071906;0.08233821;0.9401793;0.742484;1;1;0;0;1;1;1;186;84;1
30;5;1352.729;751.5162;89;29;0;1;0.5012491;0.3594723;-0.1658176;0.8641484;0.6715128;1;0;1;0;1;0;0;40;52;61
30;5;1030.609;572.5605;91;22;1;1;0.856869;0.07468194;0.516775;0.1766911;0.4267353;0;1;1;0;0;0;0;139;94;66
30;5;1248.702;693.7235;32;20;1;0;-0.07923138;0.7915197;0.7873505;0.3844072;0.5114644;0;0;1;1;0;0;0;21;31;1
30;5;315.598;175.3322;92;57;0;1;-0.6939805;-0.2017447;0.6013208;0.7847221;0.6197644;1;0;1;0;1;1;0;42;51;2
30;5;628.4555;349.1419;65;43;0;1;0.3845169;0.3914722;0.3214069;0.8863361;0.894918;1;1;1;1;0;0;1;146;74;20
30;5;1944.645;1080.358;66;57;1;1;0.551461;-0.7880731;-0.7155537;0.2325498;0.3957706;1;1;1;1;0;1;0;57;56;58
30;5;2056.47;1142.483;33;20;1;0;-0.4877666;-0.7824078;-0.7405369;0.8059019;0.9759512;0;0;0;0;0;1;0;37;35;13
30;5;2138.417;1188.009;76;25;0;0;-0.4373409;0.4180567;-0.1928172;0.5101584;0.6344491;1;0;0;1;1;1;1;173;88;25
30;5;1265.989;703.3272;82;57;1;0;0.05591238;0.4865938;-0.509304;0.4590148;0.4113544;1;0;0;1;0;0;0;50;55;22
30;5;1698.465;943.5919;99;39;0;1;-0.5565779;0.09675872;0.6765575;0.1179954;0.3075048;0;0;0;1;1;0;1;170;70;53
30;5;693.121;385.0672;31;34;0;1;-0.2078434;0.7146583;0.1343789;0.2239429;0.6184948;0;0;0;1;1;0;0;24;31;20
30;5;2144.115;1191.175;85;53;0;1;-0.2856013;-0.5380716;-0.361865;0.8101854;0.3073055;0;0;1;1;0;1;0;55;51;28
30;5;549.855;305.475;96;54;0;0;-0.3265389;0.7099077;0.7633913;0.4657349;0.05106425;0;0;0;1;0;0;0;20;39;7
30;5;673.7735;374.3186;65;60;1;0;0.9331472;0.1495639;0.3480408;0.7972414;0.8703858;1;0;0;1;1;0;0;39;50;16
30;5;1726.48;959.1556;85;44;0;1;0.639811;0.1522393;0.2987434;0.970347;0.07786167;1;1;0;0;0;1;1;152;71;42
30;5;1100.791;611.5506;86;52;1;0;-0.1110705;0.6166399;0.3719681;0.8073331;0.7070169;0;1;0;0;0;0;0;21;39;18
30;5;447.9143;248.8413;84;25;0;0;-0.8720999;0.3815252;-0.612348;0.3320716;0.1014189;1;0;0;0;1;1;0;24;41;3
30;5;746.3284;414.6269;50;35;0;1;0.6877675;-0.113874;-0.2580445;0.5881215;0.1884559;1;0;0;1;1;1;0;127;75;14
30;5;795.1165;441.7314;89;39;0;1;0.292386;-0.02491313;0.4030614;0.8413709;0.6126725;0;0;0;0;0;0;0;62;62;19
30;5;1749.426;971.9034;33;37;1;1;0.5119798;-0.1008084;0.3477453;0.1668525;0.2728686;1;0;1;1;0;1;0;117;97;43
30;5;1580.629;878.1272;81;24;1;1;0.6292431;0.183962;0.1868369;0.7840593;0.1364545;0;0;0;1;0;1;1;130;65;40
30;5;1399.084;777.2687;52;17;0;0;-0.819916;0.3314251;0.1384007;0.2130311;0.6955032;0;1;1;0;1;1;0;53;62;5
30;5;1849.171;1027.317;90;50;0;0;-0.3451966;0.03275406;-0.01431358;0.6860492;0.743734;0;0;0;1;1;0;0;84;66;35
30;5;963.7924;535.4402;55;36;0;0;-0.0298003;-0.7129799;-0.4164967;0.9520441;0.02197969;1;0;0;0;0;1;0;61;45;28
30;5;443.8633;246.5907;80;43;1;1;-0.9616365;0.4942045;-0.4649725;0.9389291;0.3674931;1;1;1;0;1;0;1;154;83;3
30;5;2129.084;1182.824;57;30;0;1;-0.1538769;0.6620325;-0.2218745;0.6775886;0.4539369;1;1;0;1;0;0;1;193;100;82
30;5;808.2769;449.0427;99;55;1;0;-0.382918;-0.0003754497;0.02659732;0.2688646;0.9255934;0;0;1;1;1;1;0;92;86;35
30;5;1231.8;684.3334;33;51;1;0;-0.6994228;-0.502841;0.5179785;0.02402163;0.855691;0;0;1;1;1;0;0;73;57;7
30;5;257.4903;143.0502;85;40;0;0;0.03742087;0.7844148;0.2412724;0.848363;0.8930013;1;1;0;1;1;0;0;18;38;1
30;5;2000.024;1111.124;76;57;0;0;-0.5795529;0.558387;0.2675001;0.7596416;0.553646;1;1;0;1;0;0;0;62;61;12
30;5;719.3431;399.635;34;44;1;1;-0.1230079;0.7383011;-0.1571988;0.12764;0.8926007;1;1;0;0;1;1;0;31;45;20
30;5;1628.236;904.5756;80;30;1;0;0.9319799;-0.7322611;0.6185727;0.7913946;0.06105924;0;1;1;0;1;1;0;25;42;29
30;5;648.9302;360.5168;97;48;0;1;-0.2482406;0.1869968;-0.2280664;0.797309;0.8384424;1;0;1;0;0;1;0;146;93;29
30;5;1723.758;957.6434;34;53;1;0;0.9137616;-0.7267528;-0.3729385;0.3685325;0.8239902;1;0;1;1;1;1;0;66;66;9
30;5;980.1208;544.5115;71;35;1;0;-0.842571;-0.7344123;0.7089376;0.8855551;0.5067498;1;0;0;0;0;0;0;27;47;11
30;5;1857.323;1031.846;83;39;0;0;-0.325755;-0.4117313;-0.5983776;0.5515767;0.09466326;1;1;0;1;0;0;1;194;119;31
30;5;1771.729;984.294;87;27;0;1;0.02549303;-0.5612652;0.5343021;0.1618712;0.8257565;1;1;0;1;1;0;1;153;72;97
30;5;2028.116;1126.731;52;46;0;0;0.2823736;0.7716638;-0.6431927;0.6526148;0.2351978;0;1;0;0;0;0;0;33;44;53
30;5;2000.742;1111.523;70;16;0;1;0.6095998;-0.5579447;0.4468666;0.0651406;0.01002645;0;1;1;0;1;0;1;120;63;25
30;5;1528.458;849.1434;78;28;1;0;-0.3190628;-0.4214733;0.3855348;0.9084408;0.6252315;1;0;0;1;1;0;0;71;64;17
30;5;303.7061;168.7256;90;49;1;1;0.7005856;-0.3169174;-0.5853111;0.1286178;0.9942851;1;0;1;0;1;1;0;68;76;12
30;5;2032.661;1129.256;31;21;1;1;-0.9784412;-0.3681594;0.07227677;0.6203815;0.6586417;0;1;0;1;1;0;0;27;40;7
30;5;2113.634;1174.241;89;60;1;1;0.9031484;0.6950936;-0.0798232;0.9648284;0.807204;1;0;1;1;0;1;0;63;62;33
30;5;971.9078;539.9488;85;52;0;0;0.4795012;0.7601114;-0.3185315;0.8546597;0.821588;1;1;0;0;0;1;0;68;58;9
30;5;542.1892;301.2162;59;54;0;1;-0.2708203;-0.2661443;0.1122987;0.8469007;0.2633119;0;0;0;0;0;0;0;53;53;12
30;5;488.6462;271.4701;42;43;0;1;0.109023;0.1150967;-0.179251;0.4241831;0.792846;0;1;1;1;0;1;0;64;56;11
30;5;1278.501;710.2783;52;34;1;0;0.2693233;0.3982719;0.342329;0.4442592;0.077896;1;1;0;1;0;0;0;24;37;6
30;5;681.5455;378.6364;74;26;1;1;0.1850623;0.4581445;0.5406656;0.771552;0.277077;0;1;1;0;1;0;0;34;45;13
30;5;479.8833;266.6018;81;45;0;0;-0.7016191;0.7709762;-0.6351501;0.472563;0.1003958;0;1;0;0;0;0;0;28;34;4
30;5;343.0811;190.6006;53;44;1;1;-0.2177397;-0.2583224;-0.6278663;0.6799098;0.0491848;1;0;0;0;1;0;0;52;61;14
30;5;717.1202;398.4001;44;32;1;1;-0.7589896;0.4568998;-0.1978582;0.1353636;0.9563407;0;1;1;1;1;1;0;18;36;21
30;5;1237.653;687.5848;92;44;1;0;0.7136075;0.2275783;-0.3571056;0.4345017;0.9677855;0;1;1;0;1;1;0;72;63;27
